ID Cuenta de mayor;Nombre Cuenta de mayor;ID de cliente/proveedor de contrapartida;Nombre de cliente/proveedor de contrapartida;Asiento contable;Asiento contable de anulación;ID centro de costos;Nombre centro de costos;Fecha de contabilización;ID documento original;Periodo contable;Id socio comercial;Nombre socio comercial;Texto cabecera asiento contable;Texto posición asiento contable;Saldo inicial moneda empresa;Importe debe moneda empresa;Importe haber moneda empresa;Saldo moneda empresa
7410200002;LAVADO INTERNO;P000872;ECOLOGY COLOMBIA SAS;300000001358;#;#;Sin asignar;29/1/2018;6513;1;#;Sin asignar;#;Servicio De Lavado Interno;0;4780000;;-8173158934,97
7410200003;LAVADO GENERAL;P000872;ECOLOGY COLOMBIA SAS;300000001358;#;#;Sin asignar;29/1/2018;6513;1;#;Sin asignar;#;Lavado General;0;17668000;;-7603376725,02
7410200004;KIT DE DESMANCHE;P000872;ECOLOGY COLOMBIA SAS;300000001358;#;#;Sin asignar;29/1/2018;6513;1;#;Sin asignar;#;Desmanche;0;2154082;;-6910145966,11
7410200005;LAVADO CHASIS;P000872;ECOLOGY COLOMBIA SAS;300000001358;#;#;Sin asignar;29/1/2018;6513;1;#;Sin asignar;#;Lavado Chasis;0;2230237;;-6698130384,89
7495950001;IVA DESCONTABLE;P000872;ECOLOGY COLOMBIA SAS;300000001357;#;#;Sin asignar;29/1/2018;6513;1;#;Sin asignar;#;IVA DESCONTABLE CONTRATOS DE SER;0;5098140,32;;-1202814704,49
2205010001;CXP PROVEEDORES;P000872;ECOLOGY COLOMBIA SAS;200000000803;#;#;Sin asignar;31/1/2018;FP-26407;1;P000872;ECOLOGY COLOMBIA SAS;Lavado General;Lavado General;0;;31930459,32;7198686908,26
2205010002;CXP NO FACTURADAS;P000872;ECOLOGY COLOMBIA SAS;200000000803;#;#;Sin asignar;31/1/2018;FP-26407;1;P000872;ECOLOGY COLOMBIA SAS;Lavado General;Desmanche;0;2154082;;22277293903,23
2205010002;CXP NO FACTURADAS;P000872;ECOLOGY COLOMBIA SAS;200000000803;#;#;Sin asignar;31/1/2018;FP-26407;1;P000872;ECOLOGY COLOMBIA SAS;Lavado General;IVA DESCONTABLE CONTRATOS DE SER;0;5098140,32;;22282392043,55
2205010002;CXP NO FACTURADAS;P000872;ECOLOGY COLOMBIA SAS;200000000803;#;#;Sin asignar;31/1/2018;FP-26407;1;P000872;ECOLOGY COLOMBIA SAS;Lavado General;Lavado Chasis;0;2230237;;22284622280,55
2205010002;CXP NO FACTURADAS;P000872;ECOLOGY COLOMBIA SAS;200000000803;#;#;Sin asignar;31/1/2018;FP-26407;1;P000872;ECOLOGY COLOMBIA SAS;Lavado General;Lavado General;0;17668000;;22302290280,55
2205010002;CXP NO FACTURADAS;P000872;ECOLOGY COLOMBIA SAS;200000000803;#;#;Sin asignar;31/1/2018;FP-26407;1;P000872;ECOLOGY COLOMBIA SAS;Lavado General;Servicio De Lavado Interno;0;4780000;;22307070280,55
2465250007;RTFTE SERVICIOS 4%;P000872;ECOLOGY COLOMBIA SAS;220000000154;#;#;Sin asignar;31/1/2018;ND-4450;1;#;Sin asignar;#;RETENCION EN LA FUENTE;0;;1073292,76;-58456480896,18
2468080001;TARIFA 8/1000 OTROS SERVICIOS;P000872;ECOLOGY COLOMBIA SAS;220000000154;#;#;Sin asignar;31/1/2018;ND-4450;1;#;Sin asignar;#;RETENCION EN LA FUENTE;0;;214658,35;-59980939224,9
7410200002;LAVADO INTERNO;P000872;ECOLOGY COLOMBIA SAS;300000002715;#;#;Sin asignar;7/2/2018;6833;2;#;Sin asignar;#;Servicio de Cubrimiento;0;1049727;;-8172109207,97
7410200003;LAVADO GENERAL;P000872;ECOLOGY COLOMBIA SAS;300000002715;#;#;Sin asignar;7/2/2018;6833;2;#;Sin asignar;#;Lavado General;0;18018000;;-7585358725,02
7410200004;KIT DE DESMANCHE;P000872;ECOLOGY COLOMBIA SAS;300000002715;#;#;Sin asignar;7/2/2018;6833;2;#;Sin asignar;#;Desmanche;0;7760000;;-6902385966,11
7410200005;LAVADO CHASIS;P000872;ECOLOGY COLOMBIA SAS;300000002715;#;#;Sin asignar;7/2/2018;6833;2;#;Sin asignar;#;Lavado Chasis;0;4232671;;-6693897713,89
7410300003;FOAMMAKER;P000872;ECOLOGY COLOMBIA SAS;300000002715;#;#;Sin asignar;7/2/2018;6833;2;#;Sin asignar;#;Lavado Fogmaker;0;500000;;-4545200151,66
7495950001;IVA DESCONTABLE;P000872;ECOLOGY COLOMBIA SAS;300000002716;#;#;Sin asignar;7/2/2018;6833;2;#;Sin asignar;#;IVA DESCONTABLE CONTRATOS DE SER;0;5996474,88;;-1196818229,61
7410200002;LAVADO INTERNO;P000872;ECOLOGY COLOMBIA SAS;300000002717;#;#;Sin asignar;9/2/2018;6834;2;#;Sin asignar;#;Servicio de Cubrimiento;0;1729999,44;;-8170379208,53
7410200003;LAVADO GENERAL;P000872;ECOLOGY COLOMBIA SAS;300000002717;#;#;Sin asignar;9/2/2018;6834;2;#;Sin asignar;#;Lavado General;0;26321000;;-7559037725,02
7410200004;KIT DE DESMANCHE;P000872;ECOLOGY COLOMBIA SAS;300000002717;#;#;Sin asignar;9/2/2018;6834;2;#;Sin asignar;#;Desmanche;0;4512162;;-6897873804,11
7410200005;LAVADO CHASIS;P000872;ECOLOGY COLOMBIA SAS;300000002717;#;#;Sin asignar;9/2/2018;6834;2;#;Sin asignar;#;Lavado Chasis;0;954356;;-6692943357,89
7495950001;IVA DESCONTABLE;P000872;ECOLOGY COLOMBIA SAS;300000002718;#;#;Sin asignar;9/2/2018;6834;2;#;Sin asignar;#;IVA DESCONTABLE CONTRATOS DE SER;0;6368327,55;;-1190449902,06
2205010001;CXP PROVEEDORES;P000872;ECOLOGY COLOMBIA SAS;200000001989;#;#;Sin asignar;28/2/2018;FP-28315;2;P000872;ECOLOGY COLOMBIA SAS;SM33ECOLOGY/LAVADO 16 AL 31 ENERO 2018;SM33ECOLOGY/LAVADO 16 AL 31 ENERO 2018;0;;37556872,88;7161130035,38
2205010001;CXP PROVEEDORES;P000872;ECOLOGY COLOMBIA SAS;200000001990;#;#;Sin asignar;28/2/2018;FP-28316;2;P000872;ECOLOGY COLOMBIA SAS;SM31ECOLOGY/LAVADOS 16 AL31 ENERO;SM31ECOLOGY/LAVADOS 16 AL31 ENERO;0;;39885844,99;7121244190,39
2205010002;CXP NO FACTURADAS;P000872;ECOLOGY COLOMBIA SAS;200000001989;#;#;Sin asignar;28/2/2018;FP-28315;2;P000872;ECOLOGY COLOMBIA SAS;SM33ECOLOGY/LAVADO 16 AL 31 ENERO 2018;Desmanche;0;7760000;;22314830280,55
2205010002;CXP NO FACTURADAS;P000872;ECOLOGY COLOMBIA SAS;200000001989;#;#;Sin asignar;28/2/2018;FP-28315;2;P000872;ECOLOGY COLOMBIA SAS;SM33ECOLOGY/LAVADO 16 AL 31 ENERO 2018;IVA DESCONTABLE CONTRATOS DE SER;0;5996474,88;;22320826755,43
2205010002;CXP NO FACTURADAS;P000872;ECOLOGY COLOMBIA SAS;200000001989;#;#;Sin asignar;28/2/2018;FP-28315;2;P000872;ECOLOGY COLOMBIA SAS;SM33ECOLOGY/LAVADO 16 AL 31 ENERO 2018;Lavado Chasis;0;4232671;;22325059426,43
2205010002;CXP NO FACTURADAS;P000872;ECOLOGY COLOMBIA SAS;200000001989;#;#;Sin asignar;28/2/2018;FP-28315;2;P000872;ECOLOGY COLOMBIA SAS;SM33ECOLOGY/LAVADO 16 AL 31 ENERO 2018;Lavado Fogmaker;0;500000;;22325559426,43
2205010002;CXP NO FACTURADAS;P000872;ECOLOGY COLOMBIA SAS;200000001989;#;#;Sin asignar;28/2/2018;FP-28315;2;P000872;ECOLOGY COLOMBIA SAS;SM33ECOLOGY/LAVADO 16 AL 31 ENERO 2018;Lavado General;0;18018000;;22343577426,43
2205010002;CXP NO FACTURADAS;P000872;ECOLOGY COLOMBIA SAS;200000001989;#;#;Sin asignar;28/2/2018;FP-28315;2;P000872;ECOLOGY COLOMBIA SAS;SM33ECOLOGY/LAVADO 16 AL 31 ENERO 2018;Servicio de Cubrimiento;0;1049727;;22344627153,43
2205010002;CXP NO FACTURADAS;P000872;ECOLOGY COLOMBIA SAS;200000001990;#;#;Sin asignar;28/2/2018;FP-28316;2;P000872;ECOLOGY COLOMBIA SAS;SM31ECOLOGY/LAVADOS 16 AL31 ENERO;Desmanche;0;4512162;;22349139315,43
2205010002;CXP NO FACTURADAS;P000872;ECOLOGY COLOMBIA SAS;200000001990;#;#;Sin asignar;28/2/2018;FP-28316;2;P000872;ECOLOGY COLOMBIA SAS;SM31ECOLOGY/LAVADOS 16 AL31 ENERO;IVA DESCONTABLE CONTRATOS DE SER;0;6368327,55;;22355507642,98
2205010002;CXP NO FACTURADAS;P000872;ECOLOGY COLOMBIA SAS;200000001990;#;#;Sin asignar;28/2/2018;FP-28316;2;P000872;ECOLOGY COLOMBIA SAS;SM31ECOLOGY/LAVADOS 16 AL31 ENERO;Lavado Chasis;0;954356;;22356461998,98
2205010002;CXP NO FACTURADAS;P000872;ECOLOGY COLOMBIA SAS;200000001990;#;#;Sin asignar;28/2/2018;FP-28316;2;P000872;ECOLOGY COLOMBIA SAS;SM31ECOLOGY/LAVADOS 16 AL31 ENERO;Lavado General;0;26321000;;22382782998,98
2205010002;CXP NO FACTURADAS;P000872;ECOLOGY COLOMBIA SAS;200000001990;#;#;Sin asignar;28/2/2018;FP-28316;2;P000872;ECOLOGY COLOMBIA SAS;SM31ECOLOGY/LAVADOS 16 AL31 ENERO;Servicio de Cubrimiento;0;1729999,44;;22384512998,42
2465250007;RTFTE SERVICIOS 4%;P000872;ECOLOGY COLOMBIA SAS;220000000465;#;#;Sin asignar;28/2/2018;ND-4763;2;#;Sin asignar;#;RETENCION EN LA FUENTE;0;;1340700,37;-58457821596,55
2465250007;RTFTE SERVICIOS 4%;P000872;ECOLOGY COLOMBIA SAS;220000000466;#;#;Sin asignar;28/2/2018;ND-4762;2;#;Sin asignar;#;RETENCION EN LA FUENTE;0;;1262415,92;-58459084012,47
2468080001;TARIFA 8/1000 OTROS SERVICIOS;P000872;ECOLOGY COLOMBIA SAS;220000000465;#;#;Sin asignar;28/2/2018;ND-4763;2;#;Sin asignar;#;RETENCION EN LA FUENTE;0;;268139,86;-59981207364,76
2468080001;TARIFA 8/1000 OTROS SERVICIOS;P000872;ECOLOGY COLOMBIA SAS;220000000466;#;#;Sin asignar;28/2/2018;ND-4762;2;#;Sin asignar;#;RETENCION EN LA FUENTE;0;;252482,98;-59981459847,74
7410200001;LAVADO EXTERNO;P000872;ECOLOGY COLOMBIA SAS;300000003834;#;#;Sin asignar;3/3/2018;7160;3;#;Sin asignar;#;Lavado Techo General;0;85000;;-8270043181,97
7410200001;LAVADO EXTERNO;P000872;ECOLOGY COLOMBIA SAS;300000003834;#;#;Sin asignar;3/3/2018;7160;3;#;Sin asignar;#;Polichado General;0;368808;;-8269674373,97
7410200002;LAVADO INTERNO;P000872;ECOLOGY COLOMBIA SAS;300000003798;300000004841;#;Sin asignar;3/3/2018;7129;3;#;Sin asignar;#;Servicio De Lavado Interno;0;22629000;;-8147750208,53
7410200002;LAVADO INTERNO;P000872;ECOLOGY COLOMBIA SAS;300000003798;300000004841;#;Sin asignar;3/3/2018;7129;3;#;Sin asignar;#;Servicio de Cubrimiento;0;1730064;;-8146020144,53
7410200002;LAVADO INTERNO;P000872;ECOLOGY COLOMBIA SAS;300000003834;#;#;Sin asignar;3/3/2018;7160;3;#;Sin asignar;#;Servicio De Lavado Interno;0;17123500;;-8128896644,53
7410200002;LAVADO INTERNO;P000872;ECOLOGY COLOMBIA SAS;300000004841;#;#;Sin asignar;3/3/2018;7402;3;#;Sin asignar;#;Servicio De Lavado Interno;0;-22629000;;-8134088956,53
7410200002;LAVADO INTERNO;P000872;ECOLOGY COLOMBIA SAS;300000004841;#;#;Sin asignar;3/3/2018;7402;3;#;Sin asignar;#;Servicio de Cubrimiento;0;-1730064;;-8135819020,53
7410200003;LAVADO GENERAL;P000872;ECOLOGY COLOMBIA SAS;300000003834;#;#;Sin asignar;3/3/2018;7160;3;#;Sin asignar;#;Lavado General;0;15060000;;-7543977725,02
7410200004;KIT DE DESMANCHE;P000872;ECOLOGY COLOMBIA SAS;300000003798;300000004841;#;Sin asignar;3/3/2018;7129;3;#;Sin asignar;#;Desmanche;0;3981419;;-6893892385,11
7410200004;KIT DE DESMANCHE;P000872;ECOLOGY COLOMBIA SAS;300000003834;#;#;Sin asignar;3/3/2018;7160;3;#;Sin asignar;#;Desmanche;0;4866565;;-6889025820,11
7410200004;KIT DE DESMANCHE;P000872;ECOLOGY COLOMBIA SAS;300000004841;#;#;Sin asignar;3/3/2018;7402;3;#;Sin asignar;#;Desmanche;0;-3981419;;-6885801607,11
7410200005;LAVADO CHASIS;P000872;ECOLOGY COLOMBIA SAS;300000003798;300000004841;#;Sin asignar;3/3/2018;7129;3;#;Sin asignar;#;Lavado Chasis;0;625599;;-6692317758,89
7410200005;LAVADO CHASIS;P000872;ECOLOGY COLOMBIA SAS;300000003834;#;#;Sin asignar;3/3/2018;7160;3;#;Sin asignar;#;Lavado Chasis;0;685694;;-6691632064,89
7410200005;LAVADO CHASIS;P000872;ECOLOGY COLOMBIA SAS;300000004841;#;#;Sin asignar;3/3/2018;7402;3;#;Sin asignar;#;Lavado Chasis;0;-625599;;-6692116287,89
7495950001;IVA DESCONTABLE;P000872;ECOLOGY COLOMBIA SAS;300000003799;300000004842;#;Sin asignar;3/3/2018;7129;3;#;Sin asignar;#;IVA DESCONTABLE CONTRATOS DE SER;0;5503542,24;;-1184946359,82
7495950001;IVA DESCONTABLE;P000872;ECOLOGY COLOMBIA SAS;300000003835;#;#;Sin asignar;3/3/2018;7160;3;#;Sin asignar;#;IVA DESCONTABLE CONTRATOS DE SER;0;7256019;;-1177690340,82
7495950001;IVA DESCONTABLE;P000872;ECOLOGY COLOMBIA SAS;300000004842;#;#;Sin asignar;3/3/2018;7402;3;#;Sin asignar;#;IVA DESCONTABLE CONTRATOS DE SER;0;-5503542,24;;-1175602501,06
1245050017;ALIANZAFID 10040000910 TRANSFERENCIAS SALIENTES;P000872;ECOLOGY COLOMBIA SAS;250000001812;#;#;Sin asignar;12/3/2018;2537;3;#;Sin asignar;#;#;0;;30642508,21;39612920491,92
1245050017;ALIANZAFID 10040000910 TRANSFERENCIAS SALIENTES;P000872;ECOLOGY COLOMBIA SAS;250000001864;#;#;Sin asignar;26/3/2018;2647;3;#;Sin asignar;#;#;0;;38277004,76;39574643487,16
2205010001;CXP PROVEEDORES;P000872;ECOLOGY COLOMBIA SAS;200000003025;#;#;Sin asignar;31/3/2018;FP-30066;3;P000872;ECOLOGY COLOMBIA SAS;Lavado General;Lavado General;0;;45445586;7075798604,39
2205010002;CXP NO FACTURADAS;P000872;ECOLOGY COLOMBIA SAS;200000003025;#;#;Sin asignar;31/3/2018;FP-30066;3;P000872;ECOLOGY COLOMBIA SAS;Lavado General;Desmanche;0;4866565;;22389379563,42
2205010002;CXP NO FACTURADAS;P000872;ECOLOGY COLOMBIA SAS;200000003025;#;#;Sin asignar;31/3/2018;FP-30066;3;P000872;ECOLOGY COLOMBIA SAS;Lavado General;IVA DESCONTABLE CONTRATOS DE SER;0;7256019;;22396635582,42
2205010002;CXP NO FACTURADAS;P000872;ECOLOGY COLOMBIA SAS;200000003025;#;#;Sin asignar;31/3/2018;FP-30066;3;P000872;ECOLOGY COLOMBIA SAS;Lavado General;Lavado Chasis;0;685694;;22397321276,42
2205010002;CXP NO FACTURADAS;P000872;ECOLOGY COLOMBIA SAS;200000003025;#;#;Sin asignar;31/3/2018;FP-30066;3;P000872;ECOLOGY COLOMBIA SAS;Lavado General;Lavado General;0;15060000;;22412381276,42
2205010002;CXP NO FACTURADAS;P000872;ECOLOGY COLOMBIA SAS;200000003025;#;#;Sin asignar;31/3/2018;FP-30066;3;P000872;ECOLOGY COLOMBIA SAS;Lavado General;Lavado Techo General;0;85000;;22412466276,42
2205010002;CXP NO FACTURADAS;P000872;ECOLOGY COLOMBIA SAS;200000003025;#;#;Sin asignar;31/3/2018;FP-30066;3;P000872;ECOLOGY COLOMBIA SAS;Lavado General;Polichado General;0;368808;;22412835084,42
2205010002;CXP NO FACTURADAS;P000872;ECOLOGY COLOMBIA SAS;200000003025;#;#;Sin asignar;31/3/2018;FP-30066;3;P000872;ECOLOGY COLOMBIA SAS;Lavado General;Servicio De Lavado Interno;0;17123500;;22429958584,42
2465250007;RTFTE SERVICIOS 4%;P000872;ECOLOGY COLOMBIA SAS;220000000716;#;#;Sin asignar;31/3/2018;ND-5014;3;#;Sin asignar;#;RETENCION EN LA FUENTE;0;;1527582,68;-58460611595,15
2465250007;RTFTE SERVICIOS 4%;P000872;ECOLOGY COLOMBIA SAS;220000000952;#;#;Sin asignar;31/3/2018;ND-5251;3;#;Sin asignar;#;RETENCION EN LA FUENTE;0;;1158640,72;-58461770235,87
2468080001;TARIFA 8/1000 OTROS SERVICIOS;P000872;ECOLOGY COLOMBIA SAS;220000000716;#;#;Sin asignar;31/3/2018;ND-5014;3;#;Sin asignar;#;RETENCION EN LA FUENTE;0;;305516,38;-59981765364,12
2468080001;TARIFA 8/1000 OTROS SERVICIOS;P000872;ECOLOGY COLOMBIA SAS;220000000952;#;#;Sin asignar;31/3/2018;ND-5251;3;#;Sin asignar;#;RETENCION EN LA FUENTE;0;;231728,14;-59981997092,26
7410200002;LAVADO INTERNO;P000872;ECOLOGY COLOMBIA SAS;200000003315;#;TAMA02;Ejecución;31/3/2018;FP-30362;3;P000872;ECOLOGY COLOMBIA SAS;Serv de lavado buses;Servicio De Lavado Interno;0;12262500;;-8205404934,97
7410200002;LAVADO INTERNO;P000872;ECOLOGY COLOMBIA SAS;200000003315;#;TAMA02;Ejecución;31/3/2018;FP-30362;3;P000872;ECOLOGY COLOMBIA SAS;Serv de lavado buses;Servicio de Cubrimiento;0;1730000;;-8203674934,97
7410200003;LAVADO GENERAL;P000872;ECOLOGY COLOMBIA SAS;200000003315;#;TAMA02;Ejecución;31/3/2018;FP-30362;3;P000872;ECOLOGY COLOMBIA SAS;Serv de lavado buses;Lavado General;0;10366500;;-7693400725,02
7410200004;KIT DE DESMANCHE;P000872;ECOLOGY COLOMBIA SAS;200000003315;#;TAMA02;Ejecución;31/3/2018;FP-30362;3;P000872;ECOLOGY COLOMBIA SAS;Serv de lavado buses;Desmanche;0;3981419;;-6936933689,11
7410200005;LAVADO CHASIS;P000872;ECOLOGY COLOMBIA SAS;200000003315;#;TAMA02;Ejecución;31/3/2018;FP-30362;3;P000872;ECOLOGY COLOMBIA SAS;Serv de lavado buses;Lavado Chasis;0;625599;;-6701852199,89
7495950001;IVA DESCONTABLE;P000872;ECOLOGY COLOMBIA SAS;200000003315;#;TAMA02;Ejecución;31/3/2018;FP-30362;3;P000872;ECOLOGY COLOMBIA SAS;Serv de lavado buses;IVA DESCONTABLE CONTRATOS DE SER;0;5503543;;-1237616754,81
7410200001;LAVADO EXTERNO;P000872;ECOLOGY COLOMBIA SAS;300000005455;300000006333;#;Sin asignar;3/4/2018;7548;4;#;Sin asignar;#;Lavado Techo General;0;47500;;-8268995428,97
7410200001;LAVADO EXTERNO;P000872;ECOLOGY COLOMBIA SAS;300000005455;300000006333;#;Sin asignar;3/4/2018;7548;4;#;Sin asignar;#;Polichado General;0;230505;;-8268764923,97
7410200001;LAVADO EXTERNO;P000872;ECOLOGY COLOMBIA SAS;300000006333;#;#;Sin asignar;3/4/2018;7772;4;#;Sin asignar;#;Lavado Techo General;0;-47500;;-8268812423,97
7410200001;LAVADO EXTERNO;P000872;ECOLOGY COLOMBIA SAS;300000006333;#;#;Sin asignar;3/4/2018;7772;4;#;Sin asignar;#;Polichado General;0;-230505;;-8269042928,97
7410200002;LAVADO INTERNO;P000872;ECOLOGY COLOMBIA SAS;300000005455;300000006333;#;Sin asignar;3/4/2018;7548;4;#;Sin asignar;#;Servicio De Lavado Interno;0;16439500;;-8119379520,53
7410200002;LAVADO INTERNO;P000872;ECOLOGY COLOMBIA SAS;300000005455;300000006333;#;Sin asignar;3/4/2018;7548;4;#;Sin asignar;#;Servicio de Cubrimiento;0;1730080;;-8117649440,53
7410200002;LAVADO INTERNO;P000872;ECOLOGY COLOMBIA SAS;300000006333;#;#;Sin asignar;3/4/2018;7772;4;#;Sin asignar;#;Servicio De Lavado Interno;0;-16439500;;-8134088940,53
7410200002;LAVADO INTERNO;P000872;ECOLOGY COLOMBIA SAS;300000006333;#;#;Sin asignar;3/4/2018;7772;4;#;Sin asignar;#;Servicio de Cubrimiento;0;-1730080;;-8135819020,53
7410200003;LAVADO GENERAL;P000872;ECOLOGY COLOMBIA SAS;300000005455;300000006333;#;Sin asignar;3/4/2018;7548;4;#;Sin asignar;#;Lavado General;0;10066384;;-7519371841,02
7410200003;LAVADO GENERAL;P000872;ECOLOGY COLOMBIA SAS;300000006333;#;#;Sin asignar;3/4/2018;7772;4;#;Sin asignar;#;Lavado General;0;-10066384;;-7529438225,02
7410200004;KIT DE DESMANCHE;P000872;ECOLOGY COLOMBIA SAS;300000005455;300000006333;#;Sin asignar;3/4/2018;7548;4;#;Sin asignar;#;Desmanche;0;5383476;;-6880418131,11
7410200004;KIT DE DESMANCHE;P000872;ECOLOGY COLOMBIA SAS;300000006333;#;#;Sin asignar;3/4/2018;7772;4;#;Sin asignar;#;Desmanche;0;-5383476;;-6885801607,11
7410200005;LAVADO CHASIS;P000872;ECOLOGY COLOMBIA SAS;300000005455;300000006333;#;Sin asignar;3/4/2018;7548;4;#;Sin asignar;#;Lavado Chasis;0;904854;;-6691211433,89
7410200005;LAVADO CHASIS;P000872;ECOLOGY COLOMBIA SAS;300000006333;#;#;Sin asignar;3/4/2018;7772;4;#;Sin asignar;#;Lavado Chasis;0;-904854;;-6692116287,89
7495950001;IVA DESCONTABLE;P000872;ECOLOGY COLOMBIA SAS;300000005456;300000006334;#;Sin asignar;3/4/2018;7548;4;#;Sin asignar;#;IVA DESCONTABLE CONTRATOS DE SER;0;6612480;;-1168990021,06
7495950001;IVA DESCONTABLE;P000872;ECOLOGY COLOMBIA SAS;300000006334;#;#;Sin asignar;3/4/2018;7772;4;#;Sin asignar;#;IVA DESCONTABLE CONTRATOS DE SER;0;-6612480;;-1175602501,06
1245050017;ALIANZAFID 10040000910 TRANSFERENCIAS SALIENTES;P000872;ECOLOGY COLOMBIA SAS;250000002686;#;#;Sin asignar;10/4/2018;3501;4;#;Sin asignar;#;#;0;;36041973,98;39538601513,18
1245050017;ALIANZAFID 10040000910 TRANSFERENCIAS SALIENTES;P000872;ECOLOGY COLOMBIA SAS;250000003212;#;#;Sin asignar;23/4/2018;3636;4;#;Sin asignar;#;#;0;;33079192,14;39505522321,04
7410200001;LAVADO EXTERNO;P000872;ECOLOGY COLOMBIA SAS;300000004813;#;#;Sin asignar;23/4/2018;7400;4;#;Sin asignar;#;Lavado Techo General;0;224220;;-8269450153,97
7410200001;LAVADO EXTERNO;P000872;ECOLOGY COLOMBIA SAS;300000004813;#;#;Sin asignar;23/4/2018;7400;4;#;Sin asignar;#;Polichado General;0;407225;;-8269042928,97
7410200002;LAVADO INTERNO;P000872;ECOLOGY COLOMBIA SAS;300000004813;#;#;Sin asignar;23/4/2018;7400;4;#;Sin asignar;#;Servicio De Lavado Interno;0;17366000;;-8111530644,53
7410200002;LAVADO INTERNO;P000872;ECOLOGY COLOMBIA SAS;300000004813;#;#;Sin asignar;23/4/2018;7400;4;#;Sin asignar;#;Servicio de Cubrimiento;0;70688;;-8111459956,53
7410200003;LAVADO GENERAL;P000872;ECOLOGY COLOMBIA SAS;300000004813;#;#;Sin asignar;23/4/2018;7400;4;#;Sin asignar;#;Lavado General;0;14539500;;-7529438225,02
7410200004;KIT DE DESMANCHE;P000872;ECOLOGY COLOMBIA SAS;300000004813;#;#;Sin asignar;23/4/2018;7400;4;#;Sin asignar;#;Desmanche;0;7205632;;-6881820188,11
7410200005;LAVADO CHASIS;P000872;ECOLOGY COLOMBIA SAS;300000004813;#;#;Sin asignar;23/4/2018;7400;4;#;Sin asignar;#;Lavado Chasis;0;141376;;-6691490688,89
7495950001;IVA DESCONTABLE;P000872;ECOLOGY COLOMBIA SAS;300000004814;#;#;Sin asignar;23/4/2018;7400;4;#;Sin asignar;#;IVA DESCONTABLE CONTRATOS DE SER;0;7591382;;-1170098958,82
2205010001;CXP PROVEEDORES;P000872;ECOLOGY COLOMBIA SAS;200000003739;#;#;Sin asignar;30/4/2018;FP-31144;4;P000872;ECOLOGY COLOMBIA SAS;Lavado General;Lavado General;0;;47546023;7028252581,39
2205010002;CXP NO FACTURADAS;P000872;ECOLOGY COLOMBIA SAS;200000003739;#;#;Sin asignar;30/4/2018;FP-31144;4;P000872;ECOLOGY COLOMBIA SAS;Lavado General;Desmanche;0;7205632;;22437164216,42
2205010002;CXP NO FACTURADAS;P000872;ECOLOGY COLOMBIA SAS;200000003739;#;#;Sin asignar;30/4/2018;FP-31144;4;P000872;ECOLOGY COLOMBIA SAS;Lavado General;IVA DESCONTABLE CONTRATOS DE SER;0;7591382;;22444755598,42
2205010002;CXP NO FACTURADAS;P000872;ECOLOGY COLOMBIA SAS;200000003739;#;#;Sin asignar;30/4/2018;FP-31144;4;P000872;ECOLOGY COLOMBIA SAS;Lavado General;Lavado Chasis;0;141376;;22444896974,42
2205010002;CXP NO FACTURADAS;P000872;ECOLOGY COLOMBIA SAS;200000003739;#;#;Sin asignar;30/4/2018;FP-31144;4;P000872;ECOLOGY COLOMBIA SAS;Lavado General;Lavado General;0;14539500;;22459436474,42
2205010002;CXP NO FACTURADAS;P000872;ECOLOGY COLOMBIA SAS;200000003739;#;#;Sin asignar;30/4/2018;FP-31144;4;P000872;ECOLOGY COLOMBIA SAS;Lavado General;Lavado Techo General;0;224220;;22459660694,42
2205010002;CXP NO FACTURADAS;P000872;ECOLOGY COLOMBIA SAS;200000003739;#;#;Sin asignar;30/4/2018;FP-31144;4;P000872;ECOLOGY COLOMBIA SAS;Lavado General;Polichado General;0;407225;;22460067919,42
2205010002;CXP NO FACTURADAS;P000872;ECOLOGY COLOMBIA SAS;200000003739;#;#;Sin asignar;30/4/2018;FP-31144;4;P000872;ECOLOGY COLOMBIA SAS;Lavado General;Servicio De Lavado Interno;0;17366000;;22477433919,42
2205010002;CXP NO FACTURADAS;P000872;ECOLOGY COLOMBIA SAS;200000003739;#;#;Sin asignar;30/4/2018;FP-31144;4;P000872;ECOLOGY COLOMBIA SAS;Lavado General;Servicio de Cubrimiento;0;70688;;22477504607,42
2465250007;RTFTE SERVICIOS 4%;P000872;ECOLOGY COLOMBIA SAS;220000000993;#;#;Sin asignar;30/4/2018;ND-5292;4;#;Sin asignar;#;RETENCION EN LA FUENTE;0;;1598185,64;-58463368421,51
2465250007;RTFTE SERVICIOS 4%;P000872;ECOLOGY COLOMBIA SAS;220000001197;#;#;Sin asignar;30/4/2018;ND-5498;4;#;Sin asignar;#;RETENCION EN LA FUENTE;0;;1392093,4;-58464760514,91
2468080001;TARIFA 8/1000 OTROS SERVICIOS;P000872;ECOLOGY COLOMBIA SAS;170000000093;170000000094;#;Sin asignar;30/4/2018;4000000024;4;#;Sin asignar;ftv sm39 serv lavado buses 8xmil;ftv sm39 serv lavado buses 8xmil;0;278418,68;;-59980446147,87
2468080001;TARIFA 8/1000 OTROS SERVICIOS;P000872;ECOLOGY COLOMBIA SAS;170000000094;#;#;Sin asignar;30/4/2018;4000000024-1;4;#;Sin asignar;ftv sm39 serv lavado buses 8xmil;ftv sm39 serv lavado buses 8xmil;0;-278418,68;;-59980724566,55
2468080001;TARIFA 8/1000 OTROS SERVICIOS;P000872;ECOLOGY COLOMBIA SAS;170000000095;170000000096;#;Sin asignar;30/4/2018;3000000041;4;#;Sin asignar;ftv sm39 ecology ica 8xmil;ftv sm39 ecology ica 8xmil;0;;278418,68;-59981002985,23
2468080001;TARIFA 8/1000 OTROS SERVICIOS;P000872;ECOLOGY COLOMBIA SAS;170000000096;#;#;Sin asignar;30/4/2018;3000000041-1;4;#;Sin asignar;ftv sm39 ecology ica 8xmil;ftv sm39 ecology ica 8xmil;0;;-278418,68;-59980724566,55
2468080001;TARIFA 8/1000 OTROS SERVICIOS;P000872;ECOLOGY COLOMBIA SAS;220000000993;#;#;Sin asignar;30/4/2018;ND-5292;4;#;Sin asignar;#;RETENCION EN LA FUENTE;0;;319636,9;-59982316729,16
2468080001;TARIFA 8/1000 OTROS SERVICIOS;P000872;ECOLOGY COLOMBIA SAS;220000001197;#;#;Sin asignar;30/4/2018;ND-5498;4;#;Sin asignar;#;RETENCION EN LA FUENTE;0;;278418,68;-59982595147,84
7410200001;LAVADO EXTERNO;P000872;ECOLOGY COLOMBIA SAS;200000004368;#;TAMA02;Ejecución;30/4/2018;FP-32119;4;P000872;ECOLOGY COLOMBIA SAS;serv. de lavado de buses;Polichado General;0;230505;;-8301688109,97
7410200002;LAVADO INTERNO;P000872;ECOLOGY COLOMBIA SAS;200000004368;#;TAMA02;Ejecución;30/4/2018;FP-32119;4;P000872;ECOLOGY COLOMBIA SAS;serv. de lavado de buses;Servicio De Lavado Interno;0;18816000;;-8184858934,97
7410200002;LAVADO INTERNO;P000872;ECOLOGY COLOMBIA SAS;200000004368;#;TAMA02;Ejecución;30/4/2018;FP-32119;4;P000872;ECOLOGY COLOMBIA SAS;serv. de lavado de buses;Servicio de Cubrimiento;0;1730000;;-8183128934,97
7410200003;LAVADO GENERAL;P000872;ECOLOGY COLOMBIA SAS;200000004368;#;TAMA02;Ejecución;30/4/2018;FP-32119;4;P000872;ECOLOGY COLOMBIA SAS;serv. de lavado de buses;Lavado General;0;7737500;;-7685663225,02
7410200004;KIT DE DESMANCHE;P000872;ECOLOGY COLOMBIA SAS;200000004368;#;TAMA02;Ejecución;30/4/2018;FP-32119;4;P000872;ECOLOGY COLOMBIA SAS;serv. de lavado de buses;Desmanche;0;5383476;;-6931550213,11
7410200005;LAVADO CHASIS;P000872;ECOLOGY COLOMBIA SAS;200000004368;#;TAMA02;Ejecución;30/4/2018;FP-32119;4;P000872;ECOLOGY COLOMBIA SAS;serv. de lavado de buses;Lavado Chasis;0;904854;;-6700947345,89
7495950001;IVA DESCONTABLE;P000872;ECOLOGY COLOMBIA SAS;200000004368;#;TAMA02;Ejecución;30/4/2018;FP-32119;4;P000872;ECOLOGY COLOMBIA SAS;serv. de lavado de buses;IVA DESCONTABLE CONTRATOS DE SER;0;6612444;;-1231004310,81
7410200001;LAVADO EXTERNO;P000872;ECOLOGY COLOMBIA SAS;300000006866;#;#;Sin asignar;5/5/2018;7874;5;#;Sin asignar;#;Lavado Techo General;0;45500;;-8268997428,97
7410200002;LAVADO INTERNO;P000872;ECOLOGY COLOMBIA SAS;300000006866;#;#;Sin asignar;5/5/2018;7874;5;#;Sin asignar;#;Servicio De Lavado Interno;0;16754000;;-8119065020,53
7410200003;LAVADO GENERAL;P000872;ECOLOGY COLOMBIA SAS;300000006866;#;#;Sin asignar;5/5/2018;7874;5;#;Sin asignar;#;Lavado General;0;13033340;;-7516404885,02
7410200004;KIT DE DESMANCHE;P000872;ECOLOGY COLOMBIA SAS;300000006866;#;#;Sin asignar;5/5/2018;7874;5;#;Sin asignar;#;Desmanche;0;6368892;;-6879432715,11
7410200005;LAVADO CHASIS;P000872;ECOLOGY COLOMBIA SAS;300000006866;#;#;Sin asignar;5/5/2018;7874;5;#;Sin asignar;#;Lavado Chasis;0;2011145;;-6690105142,89
7495950001;IVA DESCONTABLE;P000872;ECOLOGY COLOMBIA SAS;300000006867;#;#;Sin asignar;5/5/2018;7874;5;#;Sin asignar;#;IVA DESCONTABLE CONTRATOS DE SER;0;7260448;;-1168342053,06
7410200001;LAVADO EXTERNO;P000872;ECOLOGY COLOMBIA SAS;300000006916;300000007589;#;Sin asignar;6/5/2018;7898;5;#;Sin asignar;#;Lavado Techo General;0;38000;;-8268959428,97
7410200001;LAVADO EXTERNO;P000872;ECOLOGY COLOMBIA SAS;300000006916;300000007589;#;Sin asignar;6/5/2018;7898;5;#;Sin asignar;#;Polichado General;0;184404;;-8268775024,97
7410200001;LAVADO EXTERNO;P000872;ECOLOGY COLOMBIA SAS;300000007589;#;#;Sin asignar;6/5/2018;8020;5;#;Sin asignar;#;Lavado Techo General;0;-38000;;-8268813024,97
7410200001;LAVADO EXTERNO;P000872;ECOLOGY COLOMBIA SAS;300000007589;#;#;Sin asignar;6/5/2018;8020;5;#;Sin asignar;#;Polichado General;0;-184404;;-8268997428,97
7410200002;LAVADO INTERNO;P000872;ECOLOGY COLOMBIA SAS;300000006916;300000007589;#;Sin asignar;6/5/2018;7898;5;#;Sin asignar;#;Servicio De Lavado Interno;0;17025000;;-8102040020,53
7410200002;LAVADO INTERNO;P000872;ECOLOGY COLOMBIA SAS;300000006916;300000007589;#;Sin asignar;6/5/2018;7898;5;#;Sin asignar;#;Servicio de Cubrimiento;0;1730000;;-8100310020,53
7410200002;LAVADO INTERNO;P000872;ECOLOGY COLOMBIA SAS;300000007589;#;#;Sin asignar;6/5/2018;8020;5;#;Sin asignar;#;Servicio De Lavado Interno;0;-17025000;;-8117335020,53
7410200002;LAVADO INTERNO;P000872;ECOLOGY COLOMBIA SAS;300000007589;#;#;Sin asignar;6/5/2018;8020;5;#;Sin asignar;#;Servicio de Cubrimiento;0;-1730000;;-8119065020,53
7410200003;LAVADO GENERAL;P000872;ECOLOGY COLOMBIA SAS;300000006916;300000007589;#;Sin asignar;6/5/2018;7898;5;#;Sin asignar;#;Lavado General;0;12924949;;-7503479936,02
7410200003;LAVADO GENERAL;P000872;ECOLOGY COLOMBIA SAS;300000007589;#;#;Sin asignar;6/5/2018;8020;5;#;Sin asignar;#;Lavado General;0;-12924949;;-7516404885,02
7410200004;KIT DE DESMANCHE;P000872;ECOLOGY COLOMBIA SAS;300000006916;300000007589;#;Sin asignar;6/5/2018;7898;5;#;Sin asignar;#;Desmanche;0;6617838;;-6872814877,11
7410200004;KIT DE DESMANCHE;P000872;ECOLOGY COLOMBIA SAS;300000007589;#;#;Sin asignar;6/5/2018;8020;5;#;Sin asignar;#;Desmanche;0;-6617838;;-6879432715,11
7410200005;LAVADO CHASIS;P000872;ECOLOGY COLOMBIA SAS;300000006916;300000007589;#;Sin asignar;6/5/2018;7898;5;#;Sin asignar;#;Lavado Chasis;0;586724;;-6689518418,89
7410200005;LAVADO CHASIS;P000872;ECOLOGY COLOMBIA SAS;300000007589;#;#;Sin asignar;6/5/2018;8020;5;#;Sin asignar;#;Lavado Chasis;0;-586724;;-6690105142,89
7495950001;IVA DESCONTABLE;P000872;ECOLOGY COLOMBIA SAS;300000006917;300000007590;#;Sin asignar;6/5/2018;7898;5;#;Sin asignar;#;IVA DESCONTABLE CONTRATOS DE SER;0;7430375;;-1160911678,06
7495950001;IVA DESCONTABLE;P000872;ECOLOGY COLOMBIA SAS;300000007590;#;#;Sin asignar;6/5/2018;8020;5;#;Sin asignar;#;IVA DESCONTABLE CONTRATOS DE SER;0;-7430375;;-1168342053,06
1245050017;ALIANZAFID 10040000910 TRANSFERENCIAS SALIENTES;P000872;ECOLOGY COLOMBIA SAS;250000003718;#;#;Sin asignar;16/5/2018;4866;5;#;Sin asignar;#;#;0;;43612486,94;39461909834,1
1245050017;ALIANZAFID 10040000910 TRANSFERENCIAS SALIENTES;P000872;ECOLOGY COLOMBIA SAS;250000004122;#;#;Sin asignar;30/5/2018;4961;5;#;Sin asignar;#;#;0;;39744266,92;39422165567,18
2205010001;CXP PROVEEDORES;P000872;ECOLOGY COLOMBIA SAS;200000005315;#;#;Sin asignar;31/5/2018;FP-33776;5;P000872;ECOLOGY COLOMBIA SAS;Lavado General;Lavado General;0;;45473325;6982779256,39
2205010002;CXP NO FACTURADAS;P000872;ECOLOGY COLOMBIA SAS;200000005315;#;#;Sin asignar;31/5/2018;FP-33776;5;P000872;ECOLOGY COLOMBIA SAS;Lavado General;Desmanche;0;6368892;;22483873499,42
2205010002;CXP NO FACTURADAS;P000872;ECOLOGY COLOMBIA SAS;200000005315;#;#;Sin asignar;31/5/2018;FP-33776;5;P000872;ECOLOGY COLOMBIA SAS;Lavado General;IVA DESCONTABLE CONTRATOS DE SER;0;7260448;;22491133947,42
2205010002;CXP NO FACTURADAS;P000872;ECOLOGY COLOMBIA SAS;200000005315;#;#;Sin asignar;31/5/2018;FP-33776;5;P000872;ECOLOGY COLOMBIA SAS;Lavado General;Lavado Chasis;0;2011145;;22493145092,42
2205010002;CXP NO FACTURADAS;P000872;ECOLOGY COLOMBIA SAS;200000005315;#;#;Sin asignar;31/5/2018;FP-33776;5;P000872;ECOLOGY COLOMBIA SAS;Lavado General;Lavado General;0;13033340;;22506178432,42
2205010002;CXP NO FACTURADAS;P000872;ECOLOGY COLOMBIA SAS;200000005315;#;#;Sin asignar;31/5/2018;FP-33776;5;P000872;ECOLOGY COLOMBIA SAS;Lavado General;Lavado Techo General;0;45500;;22506223932,42
2205010002;CXP NO FACTURADAS;P000872;ECOLOGY COLOMBIA SAS;200000005315;#;#;Sin asignar;31/5/2018;FP-33776;5;P000872;ECOLOGY COLOMBIA SAS;Lavado General;Servicio De Lavado Interno;0;16754000;;22522977932,42
2465250007;RTFTE SERVICIOS 4%;P000872;ECOLOGY COLOMBIA SAS;220000001381;#;#;Sin asignar;31/5/2018;ND-5683;5;#;Sin asignar;#;RETENCION EN LA FUENTE;0;;1528515,08;-58466289029,99
2465250007;RTFTE SERVICIOS 4%;P000872;ECOLOGY COLOMBIA SAS;220000001456;#;#;Sin asignar;31/5/2018;ND-5757;5;#;Sin asignar;#;RETENCION EN LA FUENTE;0;;1564278,64;-58467853308,63
2468080001;TARIFA 8/1000 OTROS SERVICIOS;P000872;ECOLOGY COLOMBIA SAS;220000001381;#;#;Sin asignar;31/5/2018;ND-5683;5;#;Sin asignar;#;RETENCION EN LA FUENTE;0;;305702,66;-59982900850,5
2468080001;TARIFA 8/1000 OTROS SERVICIOS;P000872;ECOLOGY COLOMBIA SAS;220000001456;#;#;Sin asignar;31/5/2018;ND-5757;5;#;Sin asignar;#;RETENCION EN LA FUENTE;0;;312855,72;-59983213706,22
7410200001;LAVADO EXTERNO;P000872;ECOLOGY COLOMBIA SAS;200000005412;#;TAMA02;Ejecución;31/5/2018;FP-33873;5;P000872;ECOLOGY COLOMBIA SAS;serv. de lavado buses;Lavado Techo General;0;38000;;-8301650109,97
7410200001;LAVADO EXTERNO;P000872;ECOLOGY COLOMBIA SAS;200000005412;#;TAMA02;Ejecución;31/5/2018;FP-33873;5;P000872;ECOLOGY COLOMBIA SAS;serv. de lavado buses;Polichado General;0;184404;;-8301465705,97
7410200001;LAVADO EXTERNO;P000872;ECOLOGY COLOMBIA SAS;200000005412;#;TAMA02;Ejecución;31/5/2018;FP-33873;5;P000872;ECOLOGY COLOMBIA SAS;serv. de lavado buses;Servicio De Lavado Externo;0;29950000;;-8271515705,97
7410200002;LAVADO INTERNO;P000872;ECOLOGY COLOMBIA SAS;200000005412;#;TAMA02;Ejecución;31/5/2018;FP-33873;5;P000872;ECOLOGY COLOMBIA SAS;serv. de lavado buses;Servicio de Cubrimiento;0;1730000;;-8181398934,97
7410200004;KIT DE DESMANCHE;P000872;ECOLOGY COLOMBIA SAS;200000005412;#;TAMA02;Ejecución;31/5/2018;FP-33873;5;P000872;ECOLOGY COLOMBIA SAS;serv. de lavado buses;Desmanche;0;6617838;;-6924932375,11
7410200005;LAVADO CHASIS;P000872;ECOLOGY COLOMBIA SAS;200000005412;#;TAMA02;Ejecución;31/5/2018;FP-33873;5;P000872;ECOLOGY COLOMBIA SAS;serv. de lavado buses;Lavado Chasis;0;586724;;-6700360621,89
7495950001;IVA DESCONTABLE;P000872;ECOLOGY COLOMBIA SAS;200000005412;#;TAMA02;Ejecución;31/5/2018;FP-33873;5;P000872;ECOLOGY COLOMBIA SAS;serv. de lavado buses;IVA DESCONTABLE CONTRATOS DE SER;0;7430324;;-1223573986,81
7410200001;LAVADO EXTERNO;P000872;ECOLOGY COLOMBIA SAS;300000008266;300000009052;#;Sin asignar;5/6/2018;8139;6;#;Sin asignar;#;Lavado Techo General;0;185500;;-8268088108,97
7410200001;LAVADO EXTERNO;P000872;ECOLOGY COLOMBIA SAS;300000009052;#;#;Sin asignar;5/6/2018;8444;6;#;Sin asignar;#;Lavado Techo General;0;-185500;;-8268273608,97
7410200002;LAVADO INTERNO;P000872;ECOLOGY COLOMBIA SAS;300000008266;300000009052;#;Sin asignar;5/6/2018;8139;6;#;Sin asignar;#;Servicio De Lavado Interno;0;18915500;;-8066107040,53
7410200002;LAVADO INTERNO;P000872;ECOLOGY COLOMBIA SAS;300000008266;300000009052;#;Sin asignar;5/6/2018;8139;6;#;Sin asignar;#;Servicio de Cubrimiento;0;1822202;;-8064284838,53
7410200002;LAVADO INTERNO;P000872;ECOLOGY COLOMBIA SAS;300000009052;#;#;Sin asignar;5/6/2018;8444;6;#;Sin asignar;#;Servicio De Lavado Interno;0;-18915500;;-8083200338,53
7410200002;LAVADO INTERNO;P000872;ECOLOGY COLOMBIA SAS;300000009052;#;#;Sin asignar;5/6/2018;8444;6;#;Sin asignar;#;Servicio de Cubrimiento;0;-1822202;;-8085022540,53
7410200003;LAVADO GENERAL;P000872;ECOLOGY COLOMBIA SAS;300000008266;300000009052;#;Sin asignar;5/6/2018;8139;6;#;Sin asignar;#;Lavado General;0;15726504,25;;-7473698839,77
7410200003;LAVADO GENERAL;P000872;ECOLOGY COLOMBIA SAS;300000009052;#;#;Sin asignar;5/6/2018;8444;6;#;Sin asignar;#;Lavado General;0;-15726504,25;;-7489425344,02
7410200004;KIT DE DESMANCHE;P000872;ECOLOGY COLOMBIA SAS;300000008266;300000009052;#;Sin asignar;5/6/2018;8139;6;#;Sin asignar;#;Desmanche;0;6317028;;-6860533495,11
7410200004;KIT DE DESMANCHE;P000872;ECOLOGY COLOMBIA SAS;300000009052;#;#;Sin asignar;5/6/2018;8444;6;#;Sin asignar;#;Desmanche;0;-6317028;;-6866850523,11
7410200005;LAVADO CHASIS;P000872;ECOLOGY COLOMBIA SAS;300000008266;300000009052;#;Sin asignar;5/6/2018;8139;6;#;Sin asignar;#;Lavado Chasis;0;1109822;;-6686687333,89
7410200005;LAVADO CHASIS;P000872;ECOLOGY COLOMBIA SAS;300000009052;#;#;Sin asignar;5/6/2018;8444;6;#;Sin asignar;#;Lavado Chasis;0;-1109822;;-6687797155,89
7495950001;IVA DESCONTABLE;P000872;ECOLOGY COLOMBIA SAS;300000008267;300000009053;#;Sin asignar;5/6/2018;8139;6;#;Sin asignar;#;IVA DESCONTABLE CONTRATOS DE SER;0;8374543,75;;-1145406689,31
7495950001;IVA DESCONTABLE;P000872;ECOLOGY COLOMBIA SAS;300000009053;#;#;Sin asignar;5/6/2018;8444;6;#;Sin asignar;#;IVA DESCONTABLE CONTRATOS DE SER;0;-8374543,75;;-1153781233,06
1245050017;ALIANZAFID 10040000910 TRANSFERENCIAS SALIENTES;P000872;ECOLOGY COLOMBIA SAS;250000004653;#;#;Sin asignar;15/6/2018;6189;6;#;Sin asignar;#;#;0;;45628200,46;39376537366,72
7410200001;LAVADO EXTERNO;P000872;ECOLOGY COLOMBIA SAS;300000008265;#;#;Sin asignar;19/6/2018;8138;6;#;Sin asignar;#;Lavado Techo General;0;318130;;-8268679298,97
7410200001;LAVADO EXTERNO;P000872;ECOLOGY COLOMBIA SAS;300000008265;#;#;Sin asignar;19/6/2018;8138;6;#;Sin asignar;#;Polichado General;0;405690;;-8268273608,97
7410200002;LAVADO INTERNO;P000872;ECOLOGY COLOMBIA SAS;300000008265;#;#;Sin asignar;19/6/2018;8138;6;#;Sin asignar;#;Servicio De Lavado Interno;0;15988500;;-8085022540,53
7410200003;LAVADO GENERAL;P000872;ECOLOGY COLOMBIA SAS;300000008265;#;#;Sin asignar;19/6/2018;8138;6;#;Sin asignar;#;Lavado General;0;13327003;;-7489425344,02
7410200004;KIT DE DESMANCHE;P000872;ECOLOGY COLOMBIA SAS;300000008265;#;#;Sin asignar;19/6/2018;8138;6;#;Sin asignar;#;Desmanche;0;6266893;;-6866850523,11
7410200005;LAVADO CHASIS;P000872;ECOLOGY COLOMBIA SAS;300000008265;#;#;Sin asignar;19/6/2018;8138;6;#;Sin asignar;#;Lavado Chasis;0;1979264;;-6687797155,89
7495950001;IVA DESCONTABLE;P000872;ECOLOGY COLOMBIA SAS;300000008264;#;#;Sin asignar;19/6/2018;8138;6;#;Sin asignar;#;IVA DESCONTABLE CONTRATOS DE SER;0;7274240;;-1153781233,06
1245050017;ALIANZAFID 10040000910 TRANSFERENCIAS SALIENTES;P000872;ECOLOGY COLOMBIA SAS;250000004701;#;#;Sin asignar;27/6/2018;6285;6;#;Sin asignar;#;#;0;;44660155,64;39331877211,08
2205010001;CXP PROVEEDORES;P000872;ECOLOGY COLOMBIA SAS;200000006439;#;#;Sin asignar;30/6/2018;FP-35624;6;P000872;ECOLOGY COLOMBIA SAS;servicio de lavado buses;servicio de lavado buses;0;;45559720;6937219536,39
2205010002;CXP NO FACTURADAS;P000872;ECOLOGY COLOMBIA SAS;200000006439;#;#;Sin asignar;30/6/2018;FP-35624;6;P000872;ECOLOGY COLOMBIA SAS;servicio de lavado buses;Desmanche;0;6266893;;22529244825,42
2205010002;CXP NO FACTURADAS;P000872;ECOLOGY COLOMBIA SAS;200000006439;#;#;Sin asignar;30/6/2018;FP-35624;6;P000872;ECOLOGY COLOMBIA SAS;servicio de lavado buses;IVA DESCONTABLE CONTRATOS DE SER;0;7274240;;22536519065,42
2205010002;CXP NO FACTURADAS;P000872;ECOLOGY COLOMBIA SAS;200000006439;#;#;Sin asignar;30/6/2018;FP-35624;6;P000872;ECOLOGY COLOMBIA SAS;servicio de lavado buses;Lavado Chasis;0;1979264;;22538498329,42
2205010002;CXP NO FACTURADAS;P000872;ECOLOGY COLOMBIA SAS;200000006439;#;#;Sin asignar;30/6/2018;FP-35624;6;P000872;ECOLOGY COLOMBIA SAS;servicio de lavado buses;Lavado General;0;13327003;;22551825332,42
2205010002;CXP NO FACTURADAS;P000872;ECOLOGY COLOMBIA SAS;200000006439;#;#;Sin asignar;30/6/2018;FP-35624;6;P000872;ECOLOGY COLOMBIA SAS;servicio de lavado buses;Lavado Techo General;0;318130;;22552143462,42
2205010002;CXP NO FACTURADAS;P000872;ECOLOGY COLOMBIA SAS;200000006439;#;#;Sin asignar;30/6/2018;FP-35624;6;P000872;ECOLOGY COLOMBIA SAS;servicio de lavado buses;Polichado General;0;405690;;22552549152,42
2205010002;CXP NO FACTURADAS;P000872;ECOLOGY COLOMBIA SAS;200000006439;#;#;Sin asignar;30/6/2018;FP-35624;6;P000872;ECOLOGY COLOMBIA SAS;servicio de lavado buses;Servicio De Lavado Interno;0;15988500;;22568537652,42
2465250007;RTFTE SERVICIOS 4%;P000872;ECOLOGY COLOMBIA SAS;170000000142;170000000148;#;Sin asignar;30/6/2018;3000000062;6;#;Sin asignar;retenciones ecology sm48;retenciones ecology sm48;0;;1534020,88;-58456941624,3
2465250007;RTFTE SERVICIOS 4%;P000872;ECOLOGY COLOMBIA SAS;170000000143;170000000149;#;Sin asignar;30/6/2018;3000000063;6;#;Sin asignar;retenciones ftv sm45 ecology;retenciones ftv sm45 ecology;0;;1763062,08;-58458704686,38
2465250007;RTFTE SERVICIOS 4%;P000872;ECOLOGY COLOMBIA SAS;170000000148;#;#;Sin asignar;30/6/2018;3000000062-1;6;#;Sin asignar;retenciones ecology sm48;retenciones ecology sm48;0;;-1534020,88;-58457170665,5
2465250007;RTFTE SERVICIOS 4%;P000872;ECOLOGY COLOMBIA SAS;170000000149;#;#;Sin asignar;30/6/2018;3000000063-1;6;#;Sin asignar;retenciones ftv sm45 ecology;retenciones ftv sm45 ecology;0;;-1763062,08;-58455407603,42
2465250007;RTFTE SERVICIOS 4%;P000872;ECOLOGY COLOMBIA SAS;220000001702;#;#;Sin asignar;30/6/2018;ND-6007;6;#;Sin asignar;#;RETENCION EN LA FUENTE;0;;1531419,2;-58469384727,83
2465250007;RTFTE SERVICIOS 4%;P000872;ECOLOGY COLOMBIA SAS;220000001771;#;#;Sin asignar;30/6/2018;ND-6074;6;#;Sin asignar;#;RETENCION EN LA FUENTE;0;;1534020,88;-58470918748,71
2465250007;RTFTE SERVICIOS 4%;P000872;ECOLOGY COLOMBIA SAS;220000001775;#;#;Sin asignar;30/6/2018;ND-6078;6;#;Sin asignar;#;RETENCION EN LA FUENTE;0;;1763062,08;-58472681810,79
2468080001;TARIFA 8/1000 OTROS SERVICIOS;P000872;ECOLOGY COLOMBIA SAS;170000000142;170000000148;#;Sin asignar;30/6/2018;3000000062;6;#;Sin asignar;retenciones ecology sm48;retenciones ecology sm48;0;;306804,17;-59981031370,72
2468080001;TARIFA 8/1000 OTROS SERVICIOS;P000872;ECOLOGY COLOMBIA SAS;170000000143;170000000149;#;Sin asignar;30/6/2018;3000000063;6;#;Sin asignar;retenciones ftv sm45 ecology;retenciones ftv sm45 ecology;0;;352612,41;-59981383983,13
2468080001;TARIFA 8/1000 OTROS SERVICIOS;P000872;ECOLOGY COLOMBIA SAS;170000000148;#;#;Sin asignar;30/6/2018;3000000062-1;6;#;Sin asignar;retenciones ecology sm48;retenciones ecology sm48;0;;-306804,17;-59981077178,96
2468080001;TARIFA 8/1000 OTROS SERVICIOS;P000872;ECOLOGY COLOMBIA SAS;170000000149;#;#;Sin asignar;30/6/2018;3000000063-1;6;#;Sin asignar;retenciones ftv sm45 ecology;retenciones ftv sm45 ecology;0;;-352612,41;-59980724566,55
2468080001;TARIFA 8/1000 OTROS SERVICIOS;P000872;ECOLOGY COLOMBIA SAS;220000001702;#;#;Sin asignar;30/6/2018;ND-6007;6;#;Sin asignar;#;RETENCION EN LA FUENTE;0;;306283,52;-59983519989,74
2468080001;TARIFA 8/1000 OTROS SERVICIOS;P000872;ECOLOGY COLOMBIA SAS;220000001771;#;#;Sin asignar;30/6/2018;ND-6074;6;#;Sin asignar;#;RETENCION EN LA FUENTE;0;;306804,17;-59983826793,91
2468080001;TARIFA 8/1000 OTROS SERVICIOS;P000872;ECOLOGY COLOMBIA SAS;220000001775;#;#;Sin asignar;30/6/2018;ND-6078;6;#;Sin asignar;#;RETENCION EN LA FUENTE;0;;352612,42;-59984179406,33
7410200001;LAVADO EXTERNO;P000872;ECOLOGY COLOMBIA SAS;200000006513;#;TAMA02;Ejecución;30/6/2018;FP-35700;6;P000872;ECOLOGY COLOMBIA SAS;servicio de lavado;Lavado Techo General;0;1295322;;-8270220383,97
7410200001;LAVADO EXTERNO;P000872;ECOLOGY COLOMBIA SAS;200000006513;#;TAMA02;Ejecución;30/6/2018;FP-35700;6;P000872;ECOLOGY COLOMBIA SAS;servicio de lavado;Polichado General;0;92202;;-8270128181,97
7410200002;LAVADO INTERNO;P000872;ECOLOGY COLOMBIA SAS;200000006509;#;TAMA02;Ejecución;30/6/2018;FP-35696;6;P000872;ECOLOGY COLOMBIA SAS;servicio lavado de buses;Servicio de Cubrimiento;0;1730000;;-8179668934,97
7410200002;LAVADO INTERNO;P000872;ECOLOGY COLOMBIA SAS;200000006513;#;TAMA02;Ejecución;30/6/2018;FP-35700;6;P000872;ECOLOGY COLOMBIA SAS;servicio de lavado;Servicio de Cubrimiento;0;1730000;;-8177938934,97
7410200002;LAVADO INTERNO;P000872;ECOLOGY COLOMBIA SAS;300000008262;300000009055;#;Sin asignar;30/6/2018;8137;6;#;Sin asignar;#;Servicio De Lavado Interno;0;16324000;;-8102741020,53
7410200002;LAVADO INTERNO;P000872;ECOLOGY COLOMBIA SAS;300000008262;300000009055;#;Sin asignar;30/6/2018;8137;6;#;Sin asignar;#;Servicio de Cubrimiento;0;1729980;;-8101011040,53
7410200002;LAVADO INTERNO;P000872;ECOLOGY COLOMBIA SAS;300000009055;#;#;Sin asignar;30/6/2018;8445;6;#;Sin asignar;#;Servicio De Lavado Interno;0;-16324000;;-8101346540,53
7410200002;LAVADO INTERNO;P000872;ECOLOGY COLOMBIA SAS;300000009055;#;#;Sin asignar;30/6/2018;8445;6;#;Sin asignar;#;Servicio de Cubrimiento;0;-1729980;;-8103076520,53
7410200003;LAVADO GENERAL;P000872;ECOLOGY COLOMBIA SAS;200000006509;#;TAMA02;Ejecución;30/6/2018;FP-35696;6;P000872;ECOLOGY COLOMBIA SAS;servicio lavado de buses;Lavado General;0;29976500;;-7655686725,02
7410200003;LAVADO GENERAL;P000872;ECOLOGY COLOMBIA SAS;200000006513;#;TAMA02;Ejecución;30/6/2018;FP-35700;6;P000872;ECOLOGY COLOMBIA SAS;servicio de lavado;Lavado General;0;34642000;;-7621044725,02
7410200003;LAVADO GENERAL;P000872;ECOLOGY COLOMBIA SAS;300000008262;300000009055;#;Sin asignar;30/6/2018;8137;6;#;Sin asignar;#;Lavado General;0;13652538;;-7502752347,02
7410200003;LAVADO GENERAL;P000872;ECOLOGY COLOMBIA SAS;300000009055;#;#;Sin asignar;30/6/2018;8445;6;#;Sin asignar;#;Lavado General;0;-13652538;;-7503077882,02
7410200004;KIT DE DESMANCHE;P000872;ECOLOGY COLOMBIA SAS;200000006509;#;TAMA02;Ejecución;30/6/2018;FP-35696;6;P000872;ECOLOGY COLOMBIA SAS;servicio lavado de buses;Desmanche;0;6315299;;-6918617076,11
7410200004;KIT DE DESMANCHE;P000872;ECOLOGY COLOMBIA SAS;200000006513;#;TAMA02;Ejecución;30/6/2018;FP-35700;6;P000872;ECOLOGY COLOMBIA SAS;servicio de lavado;Desmanche;0;6317028;;-6912300048,11
7410200004;KIT DE DESMANCHE;P000872;ECOLOGY COLOMBIA SAS;300000008262;300000009055;#;Sin asignar;30/6/2018;8137;6;#;Sin asignar;#;Desmanche;0;6315299;;-6873117416,11
7410200004;KIT DE DESMANCHE;P000872;ECOLOGY COLOMBIA SAS;300000009055;#;#;Sin asignar;30/6/2018;8445;6;#;Sin asignar;#;Desmanche;0;-6315299;;-6873165822,11
7410200005;LAVADO CHASIS;P000872;ECOLOGY COLOMBIA SAS;300000008262;300000009055;#;Sin asignar;30/6/2018;8137;6;#;Sin asignar;#;Lavado Chasis;0;328723;;-6689776419,89
7410200005;LAVADO CHASIS;P000872;ECOLOGY COLOMBIA SAS;300000009055;#;#;Sin asignar;30/6/2018;8445;6;#;Sin asignar;#;Lavado Chasis;0;-328723;;-6688125878,89
7410350005;CHASIS;P000872;ECOLOGY COLOMBIA SAS;200000006509;#;TAMA02;Ejecución;30/6/2018;FP-35696;6;P000872;ECOLOGY COLOMBIA SAS;servicio lavado de buses;Lavado de Chasis;0;328723;;-3309206055,72
7495950001;IVA DESCONTABLE;P000872;ECOLOGY COLOMBIA SAS;200000006509;#;TAMA02;Ejecución;30/6/2018;FP-35696;6;P000872;ECOLOGY COLOMBIA SAS;servicio lavado de buses;IVA DESCONTABLE CONTRATOS DE SER;0;7286598;;-1216287388,81
7495950001;IVA DESCONTABLE;P000872;ECOLOGY COLOMBIA SAS;200000006513;#;TAMA02;Ejecución;30/6/2018;FP-35700;6;P000872;ECOLOGY COLOMBIA SAS;servicio de lavado;IVA DESCONTABLE CONTRATOS DE SER;0;8374544;;-1207912844,81
7495950001;IVA DESCONTABLE;P000872;ECOLOGY COLOMBIA SAS;300000008263;300000009056;#;Sin asignar;30/6/2018;8137;6;#;Sin asignar;#;IVA DESCONTABLE CONTRATOS DE SER;0;7286580;;-1161055473,06
7495950001;IVA DESCONTABLE;P000872;ECOLOGY COLOMBIA SAS;300000009056;#;#;Sin asignar;30/6/2018;8445;6;#;Sin asignar;#;IVA DESCONTABLE CONTRATOS DE SER;0;-7286580;;-1161067813,06
7410200001;LAVADO EXTERNO;P000872;ECOLOGY COLOMBIA SAS;300000010008;#;#;Sin asignar;8/7/2018;8774;7;#;Sin asignar;#;Lavado Techo General;0;83500;;-23175935905,37
7410200001;LAVADO EXTERNO;P000872;ECOLOGY COLOMBIA SAS;300000010008;#;#;Sin asignar;8/7/2018;8774;7;#;Sin asignar;#;Polichado General;0;691515;;-23175244390,37
7410200001;LAVADO EXTERNO;P000872;ECOLOGY COLOMBIA SAS;300000010057;300000010623;#;Sin asignar;8/7/2018;8807;7;#;Sin asignar;#;Lavado Techo General;0;75500;;-23175168890,37
7410200001;LAVADO EXTERNO;P000872;ECOLOGY COLOMBIA SAS;300000010057;300000010623;#;Sin asignar;8/7/2018;8807;7;#;Sin asignar;#;Polichado General;0;228200;;-23174940690,37
7410200001;LAVADO EXTERNO;P000872;ECOLOGY COLOMBIA SAS;300000010623;#;#;Sin asignar;8/7/2018;8881;7;#;Sin asignar;#;Lavado Techo General;0;-75500;;-23175016190,37
7410200001;LAVADO EXTERNO;P000872;ECOLOGY COLOMBIA SAS;300000010623;#;#;Sin asignar;8/7/2018;8881;7;#;Sin asignar;#;Polichado General;0;-228200;;-23175244390,37
7410200002;LAVADO INTERNO;P000872;ECOLOGY COLOMBIA SAS;300000010008;#;#;Sin asignar;8/7/2018;8774;7;#;Sin asignar;#;Servicio De Lavado Interno;0;16672000;;-22558694098,37
7410200002;LAVADO INTERNO;P000872;ECOLOGY COLOMBIA SAS;300000010057;300000010623;#;Sin asignar;8/7/2018;8807;7;#;Sin asignar;#;Servicio De Lavado Interno;0;18373500;;-22540320598,37
7410200002;LAVADO INTERNO;P000872;ECOLOGY COLOMBIA SAS;300000010057;300000010623;#;Sin asignar;8/7/2018;8807;7;#;Sin asignar;#;Servicio de Cubrimiento;0;1729998,9;;-22538590599,47
7410200002;LAVADO INTERNO;P000872;ECOLOGY COLOMBIA SAS;300000010623;#;#;Sin asignar;8/7/2018;8881;7;#;Sin asignar;#;Servicio De Lavado Interno;0;-18373500;;-22556964099,47
7410200002;LAVADO INTERNO;P000872;ECOLOGY COLOMBIA SAS;300000010623;#;#;Sin asignar;8/7/2018;8881;7;#;Sin asignar;#;Servicio de Cubrimiento;0;-1729998,9;;-22558694098,37
7410200003;LAVADO GENERAL;P000872;ECOLOGY COLOMBIA SAS;300000010008;#;#;Sin asignar;8/7/2018;8774;7;#;Sin asignar;#;Lavado General;0;13641999,75;;-21137497291,98
7410200003;LAVADO GENERAL;P000872;ECOLOGY COLOMBIA SAS;300000010057;300000010623;#;Sin asignar;8/7/2018;8807;7;#;Sin asignar;#;Lavado General;0;15248500;;-21122248791,98
7410200003;LAVADO GENERAL;P000872;ECOLOGY COLOMBIA SAS;300000010623;#;#;Sin asignar;8/7/2018;8881;7;#;Sin asignar;#;Lavado General;0;-15248500;;-21137497291,98
7410200004;KIT DE DESMANCHE;P000872;ECOLOGY COLOMBIA SAS;300000010008;#;#;Sin asignar;8/7/2018;8774;7;#;Sin asignar;#;Desmanche;0;4474070;;-19487766475,23
7410200004;KIT DE DESMANCHE;P000872;ECOLOGY COLOMBIA SAS;300000010057;300000010623;#;Sin asignar;8/7/2018;8807;7;#;Sin asignar;#;Desmanche;0;3950828;;-19483815647,23
7410200004;KIT DE DESMANCHE;P000872;ECOLOGY COLOMBIA SAS;300000010623;#;#;Sin asignar;8/7/2018;8881;7;#;Sin asignar;#;Desmanche;0;-3950828;;-19487766475,23
7410200005;LAVADO CHASIS;P000872;ECOLOGY COLOMBIA SAS;300000010057;300000010623;#;Sin asignar;8/7/2018;8807;7;#;Sin asignar;#;Lavado Chasis;0;1905147;;-18934660689,23
7410200005;LAVADO CHASIS;P000872;ECOLOGY COLOMBIA SAS;300000010623;#;#;Sin asignar;8/7/2018;8881;7;#;Sin asignar;#;Lavado Chasis;0;-1905147;;-18936565836,23
7495950001;IVA DESCONTABLE;P000872;ECOLOGY COLOMBIA SAS;300000010007;#;#;Sin asignar;8/7/2018;8774;7;#;Sin asignar;#;IVA DESCONTABLE CONTRATOS DE SER;0;6756986,25;;-4362187758,26
7495950001;IVA DESCONTABLE;P000872;ECOLOGY COLOMBIA SAS;300000010058;300000010624;#;Sin asignar;8/7/2018;8807;7;#;Sin asignar;#;IVA DESCONTABLE CONTRATOS DE SER;0;7887216,1;;-4354300542,16
7495950001;IVA DESCONTABLE;P000872;ECOLOGY COLOMBIA SAS;300000010624;#;#;Sin asignar;8/7/2018;8881;7;#;Sin asignar;#;IVA DESCONTABLE CONTRATOS DE SER;0;-7887216,1;;-4362187758,26
1245050017;ALIANZAFID 10040000910 TRANSFERENCIAS SALIENTES;P000872;ECOLOGY COLOMBIA SAS;250000005574;#;#;Sin asignar;17/7/2018;7160;7;#;Sin asignar;#;#;0;;43639107,26;29811557743,25
1245050017;ALIANZAFID 10040000910 TRANSFERENCIAS SALIENTES;P000872;ECOLOGY COLOMBIA SAS;250000005605;#;#;Sin asignar;31/7/2018;7271;7;#;Sin asignar;#;#;0;;94057438,78;29717500304,47
2205010001;CXP PROVEEDORES;P000872;ECOLOGY COLOMBIA SAS;200000007712;#;#;Sin asignar;31/7/2018;FP-37611;7;P000872;ECOLOGY COLOMBIA SAS;Servicio de lavado buses;Servicio de lavado buses;0;;42320071;-16677823124,83
2205010002;CXP NO FACTURADAS;P000872;ECOLOGY COLOMBIA SAS;200000007712;#;#;Sin asignar;31/7/2018;FP-37611;7;P000872;ECOLOGY COLOMBIA SAS;Servicio de lavado buses;Desmanche;0;4474070;;-9465859042,49
2205010002;CXP NO FACTURADAS;P000872;ECOLOGY COLOMBIA SAS;200000007712;#;#;Sin asignar;31/7/2018;FP-37611;7;P000872;ECOLOGY COLOMBIA SAS;Servicio de lavado buses;IVA DESCONTABLE CONTRATOS DE SER;0;6756986,25;;-9459102056,24
2205010002;CXP NO FACTURADAS;P000872;ECOLOGY COLOMBIA SAS;200000007712;#;#;Sin asignar;31/7/2018;FP-37611;7;P000872;ECOLOGY COLOMBIA SAS;Servicio de lavado buses;Lavado General;0;13641999,75;;-9445460056,49
2205010002;CXP NO FACTURADAS;P000872;ECOLOGY COLOMBIA SAS;200000007712;#;#;Sin asignar;31/7/2018;FP-37611;7;P000872;ECOLOGY COLOMBIA SAS;Servicio de lavado buses;Lavado Techo General;0;83500;;-9445376556,49
2205010002;CXP NO FACTURADAS;P000872;ECOLOGY COLOMBIA SAS;200000007712;#;#;Sin asignar;31/7/2018;FP-37611;7;P000872;ECOLOGY COLOMBIA SAS;Servicio de lavado buses;Polichado General;0;691515;;-9444685041,49
2205010002;CXP NO FACTURADAS;P000872;ECOLOGY COLOMBIA SAS;200000007712;#;#;Sin asignar;31/7/2018;FP-37611;7;P000872;ECOLOGY COLOMBIA SAS;Servicio de lavado buses;Servicio De Lavado Interno;0;16672000;;-9428013041,49
2465250007;RTFTE SERVICIOS 4%;P000872;ECOLOGY COLOMBIA SAS;220000002195;#;#;Sin asignar;31/7/2018;ND-6499;7;#;Sin asignar;#;RETENCION EN LA FUENTE;0;;1422523,39;-75076252472,49
2465250007;RTFTE SERVICIOS 4%;P000872;ECOLOGY COLOMBIA SAS;220000002299;#;#;Sin asignar;31/7/2018;ND-6605;7;#;Sin asignar;#;RETENCION EN LA FUENTE;0;;1660467;-75077912939,49
2468080001;TARIFA 8/1000 OTROS SERVICIOS;P000872;ECOLOGY COLOMBIA SAS;220000002195;#;#;Sin asignar;31/7/2018;ND-6499;7;#;Sin asignar;#;RETENCION EN LA FUENTE;0;;284504,84;-75867092736,43
2468080001;TARIFA 8/1000 OTROS SERVICIOS;P000872;ECOLOGY COLOMBIA SAS;220000002299;#;#;Sin asignar;31/7/2018;ND-6605;7;#;Sin asignar;#;RETENCION EN LA FUENTE;0;;332093,4;-75867424829,83
7410200001;LAVADO EXTERNO;P000872;ECOLOGY COLOMBIA SAS;200000007828;#;TAMA02;Ejecución;31/7/2018;FP-37729;7;P000872;ECOLOGY COLOMBIA SAS;servicio lavado buses;Lavado Techo General;0;75500;;-23298897436,37
7410200001;LAVADO EXTERNO;P000872;ECOLOGY COLOMBIA SAS;200000007828;#;TAMA02;Ejecución;31/7/2018;FP-37729;7;P000872;ECOLOGY COLOMBIA SAS;servicio lavado buses;Polichado General;0;228200;;-23298669236,37
7410200002;LAVADO INTERNO;P000872;ECOLOGY COLOMBIA SAS;200000007828;#;TAMA02;Ejecución;31/7/2018;FP-37729;7;P000872;ECOLOGY COLOMBIA SAS;servicio lavado buses;Servicio De Lavado Interno;0;18373500;;-22761087101,37
7410200002;LAVADO INTERNO;P000872;ECOLOGY COLOMBIA SAS;200000007828;#;TAMA02;Ejecución;31/7/2018;FP-37729;7;P000872;ECOLOGY COLOMBIA SAS;servicio lavado buses;Servicio de Cubrimiento;0;1730000;;-22759357101,37
7410200003;LAVADO GENERAL;P000872;ECOLOGY COLOMBIA SAS;200000007828;#;TAMA02;Ejecución;31/7/2018;FP-37729;7;P000872;ECOLOGY COLOMBIA SAS;servicio lavado buses;Lavado General;0;15248500;;-21151139291,73
7410200004;KIT DE DESMANCHE;P000872;ECOLOGY COLOMBIA SAS;200000007828;#;TAMA02;Ejecución;31/7/2018;FP-37729;7;P000872;ECOLOGY COLOMBIA SAS;servicio lavado buses;Desmanche;0;3950828;;-19522820038,23
7410200005;LAVADO CHASIS;P000872;ECOLOGY COLOMBIA SAS;200000007828;#;TAMA02;Ejecución;31/7/2018;FP-37729;7;P000872;ECOLOGY COLOMBIA SAS;servicio lavado buses;Lavado Chasis;0;1905147;;-18936565836,23
7495950001;IVA DESCONTABLE;P000872;ECOLOGY COLOMBIA SAS;200000007828;#;TAMA02;Ejecución;31/7/2018;FP-37729;7;P000872;ECOLOGY COLOMBIA SAS;servicio lavado buses;IVA DESCONTABLE CONTRATOS DE SER;0;7887218;;-4435344879,41
7410200001;LAVADO EXTERNO;P000872;ECOLOGY COLOMBIA SAS;300000011617;300000012711;#;Sin asignar;6/8/2018;9167;8;#;Sin asignar;#;Polichado General;0;651703;;-23174497687,37
7410200001;LAVADO EXTERNO;P000872;ECOLOGY COLOMBIA SAS;300000012711;#;#;Sin asignar;6/8/2018;9389;8;#;Sin asignar;#;Polichado General;0;-651703;;-23175149390,37
7410200002;LAVADO INTERNO;P000872;ECOLOGY COLOMBIA SAS;300000011617;300000012711;#;Sin asignar;6/8/2018;9167;8;#;Sin asignar;#;Servicio De Lavado Interno;0;18289000;;-22523506098,37
7410200002;LAVADO INTERNO;P000872;ECOLOGY COLOMBIA SAS;300000011617;300000012711;#;Sin asignar;6/8/2018;9167;8;#;Sin asignar;#;Servicio de Cubrimiento;0;1581255;;-22521924843,37
7410200002;LAVADO INTERNO;P000872;ECOLOGY COLOMBIA SAS;300000012711;#;#;Sin asignar;6/8/2018;9389;8;#;Sin asignar;#;Servicio De Lavado Interno;0;-18289000;;-22540213843,37
7410200002;LAVADO INTERNO;P000872;ECOLOGY COLOMBIA SAS;300000012711;#;#;Sin asignar;6/8/2018;9389;8;#;Sin asignar;#;Servicio de Cubrimiento;0;-1581255;;-22541795098,37
7410200003;LAVADO GENERAL;P000872;ECOLOGY COLOMBIA SAS;300000011617;300000012711;#;Sin asignar;6/8/2018;9167;8;#;Sin asignar;#;Lavado General;0;15757337;;-21107857954,98
7410200003;LAVADO GENERAL;P000872;ECOLOGY COLOMBIA SAS;300000012711;#;#;Sin asignar;6/8/2018;9389;8;#;Sin asignar;#;Lavado General;0;-15757337;;-21123615291,98
7410200004;KIT DE DESMANCHE;P000872;ECOLOGY COLOMBIA SAS;300000011617;300000012711;#;Sin asignar;6/8/2018;9167;8;#;Sin asignar;#;Desmanche;0;4842876;;-19478905923,23
7410200004;KIT DE DESMANCHE;P000872;ECOLOGY COLOMBIA SAS;300000012711;#;#;Sin asignar;6/8/2018;9389;8;#;Sin asignar;#;Desmanche;0;-4842876;;-19483748799,23
7410200005;LAVADO CHASIS;P000872;ECOLOGY COLOMBIA SAS;300000011617;300000012711;#;Sin asignar;6/8/2018;9167;8;#;Sin asignar;#;Lavado Chasis;0;1078009;;-18934190692,23
7410200005;LAVADO CHASIS;P000872;ECOLOGY COLOMBIA SAS;300000012711;#;#;Sin asignar;6/8/2018;9389;8;#;Sin asignar;#;Lavado Chasis;0;-1078009;;-18935268701,23
7495950001;IVA DESCONTABLE;P000872;ECOLOGY COLOMBIA SAS;300000011618;300000012712;#;Sin asignar;6/8/2018;9167;8;#;Sin asignar;#;IVA DESCONTABLE CONTRATOS DE SER;0;8017920;;-4347293589,26
7495950001;IVA DESCONTABLE;P000872;ECOLOGY COLOMBIA SAS;300000012712;#;#;Sin asignar;6/8/2018;9389;8;#;Sin asignar;#;IVA DESCONTABLE CONTRATOS DE SER;0;-8017920;;-4355311509,26
2205010001;CXP PROVEEDORES;P000872;ECOLOGY COLOMBIA SAS;200000008010;#;#;Sin asignar;16/8/2018;FP-37910;8;P000872;ECOLOGY COLOMBIA SAS;servicio de lavado buses;servicio de lavado buses;0;;43067060;-16720890184,83
2205010002;CXP NO FACTURADAS;P000872;ECOLOGY COLOMBIA SAS;200000008010;#;#;Sin asignar;16/8/2018;FP-37910;8;P000872;ECOLOGY COLOMBIA SAS;servicio de lavado buses;Desmanche;0;4017676;;-9423995365,49
2205010002;CXP NO FACTURADAS;P000872;ECOLOGY COLOMBIA SAS;200000008010;#;#;Sin asignar;16/8/2018;FP-37910;8;P000872;ECOLOGY COLOMBIA SAS;servicio de lavado buses;IVA DESCONTABLE CONTRATOS DE SER;0;6876249;;-9417119116,49
2205010002;CXP NO FACTURADAS;P000872;ECOLOGY COLOMBIA SAS;200000008010;#;#;Sin asignar;16/8/2018;FP-37910;8;P000872;ECOLOGY COLOMBIA SAS;servicio de lavado buses;Lavado Chasis;0;1297135;;-9415821981,49
2205010002;CXP NO FACTURADAS;P000872;ECOLOGY COLOMBIA SAS;200000008010;#;#;Sin asignar;16/8/2018;FP-37910;8;P000872;ECOLOGY COLOMBIA SAS;servicio de lavado buses;Lavado General;0;13882000;;-9401939981,49
2205010002;CXP NO FACTURADAS;P000872;ECOLOGY COLOMBIA SAS;200000008010;#;#;Sin asignar;16/8/2018;FP-37910;8;P000872;ECOLOGY COLOMBIA SAS;servicio de lavado buses;Lavado Techo General;0;95000;;-9401844981,49
2205010002;CXP NO FACTURADAS;P000872;ECOLOGY COLOMBIA SAS;200000008010;#;#;Sin asignar;16/8/2018;FP-37910;8;P000872;ECOLOGY COLOMBIA SAS;servicio de lavado buses;Servicio De Lavado Interno;0;16899000;;-9384945981,49
2465250007;RTFTE SERVICIOS 4%;P000872;ECOLOGY COLOMBIA SAS;220000002447;#;#;Sin asignar;16/8/2018;ND-6751;8;#;Sin asignar;#;RETENCION EN LA FUENTE;0;;1447632,44;-75079360571,93
2468080001;TARIFA 8/1000 OTROS SERVICIOS;P000872;ECOLOGY COLOMBIA SAS;220000002447;#;#;Sin asignar;16/8/2018;ND-6751;8;#;Sin asignar;#;RETENCION EN LA FUENTE;0;;289526,53;-75867714356,36
1245050017;ALIANZAFID 10040000910 TRANSFERENCIAS SALIENTES;P000872;ECOLOGY COLOMBIA SAS;250000006468;#;#;Sin asignar;17/8/2018;8134;8;#;Sin asignar;#;#;0;;43796294,95;29673704009,52
7410200001;LAVADO EXTERNO;P000872;ECOLOGY COLOMBIA SAS;300000010978;#;#;Sin asignar;29/8/2018;8928;8;#;Sin asignar;#;Lavado Techo General;0;95000;;-23175149390,37
7410200002;LAVADO INTERNO;P000872;ECOLOGY COLOMBIA SAS;300000010978;#;#;Sin asignar;29/8/2018;8928;8;#;Sin asignar;#;Servicio De Lavado Interno;0;16899000;;-22541795098,37
7410200003;LAVADO GENERAL;P000872;ECOLOGY COLOMBIA SAS;300000010978;#;#;Sin asignar;29/8/2018;8928;8;#;Sin asignar;#;Lavado General;0;13882000;;-21123615291,98
7410200004;KIT DE DESMANCHE;P000872;ECOLOGY COLOMBIA SAS;300000010978;#;#;Sin asignar;29/8/2018;8928;8;#;Sin asignar;#;Desmanche;0;4017676;;-19483748799,23
7410200005;LAVADO CHASIS;P000872;ECOLOGY COLOMBIA SAS;300000010978;#;#;Sin asignar;29/8/2018;8928;8;#;Sin asignar;#;Lavado Chasis;0;1297135;;-18935268701,23
7495950001;IVA DESCONTABLE;P000872;ECOLOGY COLOMBIA SAS;300000010979;#;#;Sin asignar;29/8/2018;8928;8;#;Sin asignar;#;IVA DESCONTABLE CONTRATOS DE SER;0;6876249;;-4355311509,26
1245050017;ALIANZAFID 10040000910 TRANSFERENCIAS SALIENTES;P000872;ECOLOGY COLOMBIA SAS;250000006507;#;#;Sin asignar;30/8/2018;8226;8;#;Sin asignar;#;#;0;;40613042,77;29633090966,75
2465250007;RTFTE SERVICIOS 4%;P000872;ECOLOGY COLOMBIA SAS;220000002750;#;#;Sin asignar;31/8/2018;ND-7055;8;#;Sin asignar;#;RETENCION EN LA FUENTE;0;;1688003,52;-75081048575,45
2468080001;TARIFA 8/1000 OTROS SERVICIOS;P000872;ECOLOGY COLOMBIA SAS;220000002750;#;#;Sin asignar;31/8/2018;ND-7055;8;#;Sin asignar;#;RETENCION EN LA FUENTE;0;;337600,7;-75868051957,06
7410200001;LAVADO EXTERNO;P000872;ECOLOGY COLOMBIA SAS;200000009073;#;TAMA02;Ejecución;31/8/2018;FP-39695;8;P000872;ECOLOGY COLOMBIA SAS;limpieza buses;Lavado Techo General;0;57000;;-23298612236,37
7410200001;LAVADO EXTERNO;P000872;ECOLOGY COLOMBIA SAS;200000009073;#;TAMA02;Ejecución;31/8/2018;FP-39695;8;P000872;ECOLOGY COLOMBIA SAS;limpieza buses;Polichado General;0;594703;;-23298017533,37
7410200001;LAVADO EXTERNO;P000872;ECOLOGY COLOMBIA SAS;200000009073;#;TAMA02;Ejecución;31/8/2018;FP-39695;8;P000872;ECOLOGY COLOMBIA SAS;limpieza buses;Servicio De Lavado Externo;0;15758000;;-23282259533,37
7410200002;LAVADO INTERNO;P000872;ECOLOGY COLOMBIA SAS;200000009073;#;TAMA02;Ejecución;31/8/2018;FP-39695;8;P000872;ECOLOGY COLOMBIA SAS;limpieza buses;Servicio De Lavado Interno;0;18139500;;-22741217601,37
7410200002;LAVADO INTERNO;P000872;ECOLOGY COLOMBIA SAS;200000009073;#;TAMA02;Ejecución;31/8/2018;FP-39695;8;P000872;ECOLOGY COLOMBIA SAS;limpieza buses;Servicio de Cubrimiento;0;1730003;;-22739487598,37
7410200004;KIT DE DESMANCHE;P000872;ECOLOGY COLOMBIA SAS;200000009073;#;TAMA02;Ejecución;31/8/2018;FP-39695;8;P000872;ECOLOGY COLOMBIA SAS;limpieza buses;Desmanche;0;4842876;;-19517977162,23
7410350005;CHASIS;P000872;ECOLOGY COLOMBIA SAS;200000009073;#;TAMA02;Ejecución;31/8/2018;FP-39695;8;P000872;ECOLOGY COLOMBIA SAS;limpieza buses;Lavado de Chasis;0;1078006;;-9147746525,43
7495950001;IVA DESCONTABLE;P000872;ECOLOGY COLOMBIA SAS;200000009073;#;TAMA02;Ejecución;31/8/2018;FP-39695;8;P000872;ECOLOGY COLOMBIA SAS;limpieza buses;IVA DESCONTABLE CONTRATOS DE SER;0;8018015;;-4427326864,41
7410200001;LAVADO EXTERNO;P000872;ECOLOGY COLOMBIA SAS;300000013200;300000014597;#;Sin asignar;5/9/2018;9454;9;#;Sin asignar;#;Polichado General;0;315792;;-23174833598,37
7410200001;LAVADO EXTERNO;P000872;ECOLOGY COLOMBIA SAS;300000014597;#;#;Sin asignar;5/9/2018;9828;9;#;Sin asignar;#;Polichado General;0;-315792;;-23175030163,37
7410200002;LAVADO INTERNO;P000872;ECOLOGY COLOMBIA SAS;300000013200;300000014597;#;Sin asignar;5/9/2018;9454;9;#;Sin asignar;#;Servicio De Lavado Interno;0;17071003;;-22524724095,37
7410200002;LAVADO INTERNO;P000872;ECOLOGY COLOMBIA SAS;300000014597;#;#;Sin asignar;5/9/2018;9828;9;#;Sin asignar;#;Servicio De Lavado Interno;0;-17071003;;-22522248632,37
7410200003;LAVADO GENERAL;P000872;ECOLOGY COLOMBIA SAS;300000013200;300000014597;#;Sin asignar;5/9/2018;9454;9;#;Sin asignar;#;Lavado General;0;14915997;;-21108699294,98
7410200003;LAVADO GENERAL;P000872;ECOLOGY COLOMBIA SAS;300000014597;#;#;Sin asignar;5/9/2018;9828;9;#;Sin asignar;#;Lavado General;0;-14915997;;-21107430791,98
7410200004;KIT DE DESMANCHE;P000872;ECOLOGY COLOMBIA SAS;300000013200;300000014597;#;Sin asignar;5/9/2018;9454;9;#;Sin asignar;#;Desmanche;0;2880178;;-19480868621,23
7410200004;KIT DE DESMANCHE;P000872;ECOLOGY COLOMBIA SAS;300000014597;#;#;Sin asignar;5/9/2018;9828;9;#;Sin asignar;#;Desmanche;0;-2880178;;-19480256627,23
7410200005;LAVADO CHASIS;P000872;ECOLOGY COLOMBIA SAS;300000013200;300000014597;#;Sin asignar;5/9/2018;9454;9;#;Sin asignar;#;Lavado Chasis;0;657412;;-18934611289,23
7410200005;LAVADO CHASIS;P000872;ECOLOGY COLOMBIA SAS;300000014597;#;#;Sin asignar;5/9/2018;9828;9;#;Sin asignar;#;Lavado Chasis;0;-657412;;-18933854873,23
7495950001;IVA DESCONTABLE;P000872;ECOLOGY COLOMBIA SAS;300000013201;300000014598;#;Sin asignar;5/9/2018;9454;9;#;Sin asignar;#;IVA DESCONTABLE CONTRATOS DE SER;0;6809678;;-4348501831,26
7495950001;IVA DESCONTABLE;P000872;ECOLOGY COLOMBIA SAS;300000014598;#;#;Sin asignar;5/9/2018;9828;9;#;Sin asignar;#;IVA DESCONTABLE CONTRATOS DE SER;0;-6809678;;-4347567832,26
7410200001;LAVADO EXTERNO;P000872;ECOLOGY COLOMBIA SAS;300000013921;300000014599;#;Sin asignar;11/9/2018;9682;9;#;Sin asignar;#;Lavado Techo General;0;9500;;-23174824098,37
7410200001;LAVADO EXTERNO;P000872;ECOLOGY COLOMBIA SAS;300000013921;300000014599;#;Sin asignar;11/9/2018;9682;9;#;Sin asignar;#;Polichado General;0;109727;;-23174714371,37
7410200001;LAVADO EXTERNO;P000872;ECOLOGY COLOMBIA SAS;300000014599;#;#;Sin asignar;11/9/2018;9829;9;#;Sin asignar;#;Lavado Techo General;0;-9500;;-23175039663,37
7410200001;LAVADO EXTERNO;P000872;ECOLOGY COLOMBIA SAS;300000014599;#;#;Sin asignar;11/9/2018;9829;9;#;Sin asignar;#;Polichado General;0;-109727;;-23175149390,37
7410200002;LAVADO INTERNO;P000872;ECOLOGY COLOMBIA SAS;300000013921;300000014599;#;Sin asignar;11/9/2018;9682;9;#;Sin asignar;#;Servicio De Lavado Interno;0;17792500;;-22506931595,37
7410200002;LAVADO INTERNO;P000872;ECOLOGY COLOMBIA SAS;300000013921;300000014599;#;Sin asignar;11/9/2018;9682;9;#;Sin asignar;#;Servicio de Cubrimiento;0;1753966;;-22505177629,37
7410200002;LAVADO INTERNO;P000872;ECOLOGY COLOMBIA SAS;300000014599;#;#;Sin asignar;11/9/2018;9829;9;#;Sin asignar;#;Servicio De Lavado Interno;0;-17792500;;-22540041132,37
7410200002;LAVADO INTERNO;P000872;ECOLOGY COLOMBIA SAS;300000014599;#;#;Sin asignar;11/9/2018;9829;9;#;Sin asignar;#;Servicio de Cubrimiento;0;-1753966;;-22541795098,37
7410200003;LAVADO GENERAL;P000872;ECOLOGY COLOMBIA SAS;300000013921;300000014599;#;Sin asignar;11/9/2018;9682;9;#;Sin asignar;#;Lavado General;0;16184500;;-21092514794,98
7410200003;LAVADO GENERAL;P000872;ECOLOGY COLOMBIA SAS;300000014599;#;#;Sin asignar;11/9/2018;9829;9;#;Sin asignar;#;Lavado General;0;-16184500;;-21123615291,98
7410200004;KIT DE DESMANCHE;P000872;ECOLOGY COLOMBIA SAS;300000013921;300000014599;#;Sin asignar;11/9/2018;9682;9;#;Sin asignar;#;Desmanche;0;3492172;;-19477376449,23
7410200004;KIT DE DESMANCHE;P000872;ECOLOGY COLOMBIA SAS;300000014599;#;#;Sin asignar;11/9/2018;9829;9;#;Sin asignar;#;Desmanche;0;-3492172;;-19483748799,23
7410200005;LAVADO CHASIS;P000872;ECOLOGY COLOMBIA SAS;300000013921;300000014599;#;Sin asignar;11/9/2018;9682;9;#;Sin asignar;#;Lavado Chasis;0;1413828;;-18933197461,23
7410200005;LAVADO CHASIS;P000872;ECOLOGY COLOMBIA SAS;300000014599;#;#;Sin asignar;11/9/2018;9829;9;#;Sin asignar;#;Lavado Chasis;0;-1413828;;-18935268701,23
7495950001;IVA DESCONTABLE;P000872;ECOLOGY COLOMBIA SAS;300000013922;300000014600;#;Sin asignar;11/9/2018;9682;9;#;Sin asignar;#;IVA DESCONTABLE CONTRATOS DE SER;0;7743677;;-4340758154,26
7495950001;IVA DESCONTABLE;P000872;ECOLOGY COLOMBIA SAS;300000014600;#;#;Sin asignar;11/9/2018;9829;9;#;Sin asignar;#;IVA DESCONTABLE CONTRATOS DE SER;0;-7743677;;-4355311509,26
1245050017;ALIANZAFID 10040000910 TRANSFERENCIAS SALIENTES;P000872;ECOLOGY COLOMBIA SAS;250000007410;#;#;Sin asignar;18/9/2018;9097;9;#;Sin asignar;#;#;0;;47406332,6;29585684634,15
1245050017;ALIANZAFID 10040000910 TRANSFERENCIAS SALIENTES;P000872;ECOLOGY COLOMBIA SAS;250000007434;#;#;Sin asignar;28/9/2018;9225;9;#;Sin asignar;#;#;0;;41329901,03;29544354733,12
2465250007;RTFTE SERVICIOS 4%;P000872;ECOLOGY COLOMBIA SAS;220000002979;#;#;Sin asignar;30/9/2018;ND-7285;9;#;Sin asignar;#;RETENCION EN LA FUENTE;0;;1630247,72;-75082678823,17
2465250007;RTFTE SERVICIOS 4%;P000872;ECOLOGY COLOMBIA SAS;220000002980;#;#;Sin asignar;30/9/2018;ND-7286;9;#;Sin asignar;#;RETENCION EN LA FUENTE;0;;1433615,48;-75084112438,65
2468080001;TARIFA 8/1000 OTROS SERVICIOS;P000872;ECOLOGY COLOMBIA SAS;220000002979;#;#;Sin asignar;30/9/2018;ND-7285;9;#;Sin asignar;#;RETENCION EN LA FUENTE;0;;326049,54;-75868378006,6
2468080001;TARIFA 8/1000 OTROS SERVICIOS;P000872;ECOLOGY COLOMBIA SAS;220000002980;#;#;Sin asignar;30/9/2018;ND-7286;9;#;Sin asignar;#;RETENCION EN LA FUENTE;0;;286723,09;-75868664729,69
7410200001;LAVADO EXTERNO;P000872;ECOLOGY COLOMBIA SAS;200000010099;#;TAMA02;Ejecución;30/9/2018;FP-41435;9;P000872;ECOLOGY COLOMBIA SAS;LIMPIEZA DE BUSES;Lavado Techo General;0;9500;;-23282250033,37
7410200001;LAVADO EXTERNO;P000872;ECOLOGY COLOMBIA SAS;200000010099;#;TAMA02;Ejecución;30/9/2018;FP-41435;9;P000872;ECOLOGY COLOMBIA SAS;LIMPIEZA DE BUSES;Polichado General;0;133693;;-23282116340,37
7410200001;LAVADO EXTERNO;P000872;ECOLOGY COLOMBIA SAS;200000010099;#;TAMA02;Ejecución;30/9/2018;FP-41435;9;P000872;ECOLOGY COLOMBIA SAS;LIMPIEZA DE BUSES;Servicio De Lavado Externo;0;9050000;;-23273066340,37
7410200001;LAVADO EXTERNO;P000872;ECOLOGY COLOMBIA SAS;200000010100;#;TAMA01;Planeación;30/9/2018;FP-41436;9;P000872;ECOLOGY COLOMBIA SAS;Limpieza buses;Polichado General;0;315795;;-23272750545,37
7410200001;LAVADO EXTERNO;P000872;ECOLOGY COLOMBIA SAS;200000010100;#;TAMA01;Planeación;30/9/2018;FP-41436;9;P000872;ECOLOGY COLOMBIA SAS;Limpieza buses;Servicio De Lavado Externo;0;8740000;;-23264010545,37
7410200002;LAVADO INTERNO;P000872;ECOLOGY COLOMBIA SAS;200000010099;#;TAMA02;Ejecución;30/9/2018;FP-41435;9;P000872;ECOLOGY COLOMBIA SAS;LIMPIEZA DE BUSES;Servicio De Lavado Interno;0;24927000;;-22714560598,37
7410200002;LAVADO INTERNO;P000872;ECOLOGY COLOMBIA SAS;200000010099;#;TAMA02;Ejecución;30/9/2018;FP-41435;9;P000872;ECOLOGY COLOMBIA SAS;LIMPIEZA DE BUSES;Servicio de Cubrimiento;0;1730000;;-22712830598,37
7410200002;LAVADO INTERNO;P000872;ECOLOGY COLOMBIA SAS;200000010100;#;TAMA01;Planeación;30/9/2018;FP-41436;9;P000872;ECOLOGY COLOMBIA SAS;Limpieza buses;Servicio De Lavado Interno;0;23247000;;-22689583598,37
7410200004;KIT DE DESMANCHE;P000872;ECOLOGY COLOMBIA SAS;200000010099;#;TAMA02;Ejecución;30/9/2018;FP-41435;9;P000872;ECOLOGY COLOMBIA SAS;LIMPIEZA DE BUSES;Desmanche;0;3492172;;-19514484990,23
7410200004;KIT DE DESMANCHE;P000872;ECOLOGY COLOMBIA SAS;200000010100;#;TAMA01;Planeación;30/9/2018;FP-41436;9;P000872;ECOLOGY COLOMBIA SAS;Limpieza buses;Desmanche;0;2880178;;-19511604812,23
7410350005;CHASIS;P000872;ECOLOGY COLOMBIA SAS;200000010099;#;TAMA02;Ejecución;30/9/2018;FP-41435;9;P000872;ECOLOGY COLOMBIA SAS;LIMPIEZA DE BUSES;Lavado de Chasis;0;1413828;;-9146332697,43
7410350005;CHASIS;P000872;ECOLOGY COLOMBIA SAS;200000010100;#;TAMA01;Planeación;30/9/2018;FP-41436;9;P000872;ECOLOGY COLOMBIA SAS;Limpieza buses;Lavado de Chasis;0;657414;;-9145675283,43
7495950001;IVA DESCONTABLE;P000872;ECOLOGY COLOMBIA SAS;200000010099;#;TAMA02;Ejecución;30/9/2018;FP-41435;9;P000872;ECOLOGY COLOMBIA SAS;LIMPIEZA DE BUSES;IVA DESCONTABLE CONTRATOS DE SER;0;7743677;;-4419583187,41
7495950001;IVA DESCONTABLE;P000872;ECOLOGY COLOMBIA SAS;200000010100;#;TAMA01;Planeación;30/9/2018;FP-41436;9;P000872;ECOLOGY COLOMBIA SAS;Limpieza buses;IVA DESCONTABLE CONTRATOS DE SER;0;6809673;;-4412773514,41
7410200001;LAVADO EXTERNO;P000872;ECOLOGY COLOMBIA SAS;300000015425;300000017112;#;Sin asignar;7/10/2018;10025;10;#;Sin asignar;#;Polichado General;0;364211;;-23174785179,37
7410200001;LAVADO EXTERNO;P000872;ECOLOGY COLOMBIA SAS;300000017112;#;#;Sin asignar;7/10/2018;10609;10;#;Sin asignar;#;Polichado General;0;-364211;;-23175149390,37
7410200002;LAVADO INTERNO;P000872;ECOLOGY COLOMBIA SAS;300000015425;300000017112;#;Sin asignar;7/10/2018;10025;10;#;Sin asignar;#;Servicio De Lavado Interno;0;17935628;;-22523859470,37
7410200002;LAVADO INTERNO;P000872;ECOLOGY COLOMBIA SAS;300000017112;#;#;Sin asignar;7/10/2018;10609;10;#;Sin asignar;#;Servicio De Lavado Interno;0;-17935628;;-22541795098,37
7410200003;LAVADO GENERAL;P000872;ECOLOGY COLOMBIA SAS;300000015425;300000017112;#;Sin asignar;7/10/2018;10025;10;#;Sin asignar;#;Lavado General;0;15780722;;-21107834569,98
7410200003;LAVADO GENERAL;P000872;ECOLOGY COLOMBIA SAS;300000017112;#;#;Sin asignar;7/10/2018;10609;10;#;Sin asignar;#;Lavado General;0;-15780722;;-21123615291,98
7410200004;KIT DE DESMANCHE;P000872;ECOLOGY COLOMBIA SAS;300000015425;300000017112;#;Sin asignar;7/10/2018;10025;10;#;Sin asignar;#;Desmanche;0;3267530;;-19480481269,23
7410200004;KIT DE DESMANCHE;P000872;ECOLOGY COLOMBIA SAS;300000017112;#;#;Sin asignar;7/10/2018;10609;10;#;Sin asignar;#;Desmanche;0;-3267530;;-19483748799,23
7410200005;LAVADO CHASIS;P000872;ECOLOGY COLOMBIA SAS;300000015425;300000017112;#;Sin asignar;7/10/2018;10025;10;#;Sin asignar;#;Lavado Chasis;0;788835;;-18934479866,23
7410200005;LAVADO CHASIS;P000872;ECOLOGY COLOMBIA SAS;300000017112;#;#;Sin asignar;7/10/2018;10609;10;#;Sin asignar;#;Lavado Chasis;0;-788835;;-18935268701,23
7495950001;IVA DESCONTABLE;P000872;ECOLOGY COLOMBIA SAS;300000015426;300000017113;#;Sin asignar;7/10/2018;10025;10;#;Sin asignar;#;IVA DESCONTABLE CONTRATOS DE SER;0;7246014;;-4348065495,26
7495950001;IVA DESCONTABLE;P000872;ECOLOGY COLOMBIA SAS;300000017113;#;#;Sin asignar;7/10/2018;10609;10;#;Sin asignar;#;IVA DESCONTABLE CONTRATOS DE SER;0;-7246014;;-4355311509,26
1245050017;ALIANZAFID 10040000910 TRANSFERENCIAS SALIENTES;P000872;ECOLOGY COLOMBIA SAS;250000008224;#;#;Sin asignar;18/10/2018;10175;10;#;Sin asignar;#;#;0;;48192498,78;29496162234,34
1245050017;ALIANZAFID 10040000910 TRANSFERENCIAS SALIENTES;P000872;ECOLOGY COLOMBIA SAS;250000008393;#;#;Sin asignar;31/10/2018;10309;10;#;Sin asignar;#;#;0;;40929721,43;29455232512,91
2465250007;RTFTE SERVICIOS 4%;P000872;ECOLOGY COLOMBIA SAS;220000003405;#;#;Sin asignar;31/10/2018;ND-7727;10;#;Sin asignar;#;RETENCION EN LA FUENTE;0;;1525476,88;-75085637915,53
2468080001;TARIFA 8/1000 OTROS SERVICIOS;P000872;ECOLOGY COLOMBIA SAS;220000003405;#;#;Sin asignar;31/10/2018;ND-7727;10;#;Sin asignar;#;RETENCION EN LA FUENTE;0;;305095,38;-75868969825,07
7410200001;LAVADO EXTERNO;P000872;ECOLOGY COLOMBIA SAS;200000011351;#;TAMA01;Planeación;31/10/2018;FP-43434;10;P000872;ECOLOGY COLOMBIA SAS;Limpieza buses OCT;Lavado Techo General;0;82000;;-23263928545,37
7410200001;LAVADO EXTERNO;P000872;ECOLOGY COLOMBIA SAS;200000011351;#;TAMA01;Planeación;31/10/2018;FP-43434;10;P000872;ECOLOGY COLOMBIA SAS;Limpieza buses OCT;Polichado General;0;442572;;-23263485973,37
7410200001;LAVADO EXTERNO;P000872;ECOLOGY COLOMBIA SAS;200000011351;#;TAMA01;Planeación;31/10/2018;FP-43434;10;P000872;ECOLOGY COLOMBIA SAS;Limpieza buses OCT;Servicio De Lavado Externo;0;8710000;;-23254775973,37
7410200002;LAVADO INTERNO;P000872;ECOLOGY COLOMBIA SAS;200000011351;#;TAMA01;Planeación;31/10/2018;FP-43434;10;P000872;ECOLOGY COLOMBIA SAS;Limpieza buses OCT;Servicio De Lavado Interno;0;23562000;;-22666021598,37
7410200004;KIT DE DESMANCHE;P000872;ECOLOGY COLOMBIA SAS;200000011351;#;TAMA01;Planeación;31/10/2018;FP-43434;10;P000872;ECOLOGY COLOMBIA SAS;Limpieza buses OCT;Desmanche;0;3746305;;-19507858507,23
7410350005;CHASIS;P000872;ECOLOGY COLOMBIA SAS;200000011351;#;TAMA01;Planeación;31/10/2018;FP-43434;10;P000872;ECOLOGY COLOMBIA SAS;Limpieza buses OCT;Lavado de Chasis;0;1594045;;-9144081238,43
7495950001;IVA DESCONTABLE;P000872;ECOLOGY COLOMBIA SAS;200000011351;#;TAMA01;Planeación;31/10/2018;FP-43434;10;P000872;ECOLOGY COLOMBIA SAS;Limpieza buses OCT;IVA DESCONTABLE CONTRATOS DE SER;0;7246015,18;;-4405527499,23
1245050017;ALIANZAFID 10040000910 TRANSFERENCIAS SALIENTES;P000872;ECOLOGY COLOMBIA SAS;250000009201;#;#;Sin asignar;16/11/2018;11218;11;#;Sin asignar;#;#;0;;46543572,74;29408688940,17
1245050017;ALIANZAFID 10040000910 TRANSFERENCIAS SALIENTES;P000872;ECOLOGY COLOMBIA SAS;250000009449;#;#;Sin asignar;30/11/2018;11311;11;#;Sin asignar;#;#;0;;43552364,92;29365136575,25
2465250007;RTFTE SERVICIOS 4%;P000872;ECOLOGY COLOMBIA SAS;220000004119;#;#;Sin asignar;30/11/2018;ND-8438;11;#;Sin asignar;#;RETENCION EN LA FUENTE;0;;1664703,21;-75087302618,74
2465250007;RTFTE SERVICIOS 4%;P000872;ECOLOGY COLOMBIA SAS;220000004124;#;#;Sin asignar;30/11/2018;ND-8443;11;#;Sin asignar;#;RETENCION EN LA FUENTE;0;;1748782,8;-75089051401,54
2465250007;RTFTE SERVICIOS 4%;P000872;ECOLOGY COLOMBIA SAS;220000004276;#;#;Sin asignar;30/11/2018;ND-8595;11;#;Sin asignar;#;RETENCION EN LA FUENTE;0;;1273130,63;-75090324532,17
2468080001;TARIFA 8/1000 OTROS SERVICIOS;P000872;ECOLOGY COLOMBIA SAS;220000004119;#;#;Sin asignar;30/11/2018;ND-8438;11;#;Sin asignar;#;RETENCION EN LA FUENTE;0;;332940,64;-75869302765,71
2468080001;TARIFA 8/1000 OTROS SERVICIOS;P000872;ECOLOGY COLOMBIA SAS;220000004124;#;#;Sin asignar;30/11/2018;ND-8443;11;#;Sin asignar;#;RETENCION EN LA FUENTE;0;;349756,57;-75869652522,28
2468080001;TARIFA 8/1000 OTROS SERVICIOS;P000872;ECOLOGY COLOMBIA SAS;220000004276;#;#;Sin asignar;30/11/2018;ND-8595;11;#;Sin asignar;#;RETENCION EN LA FUENTE;0;;254626,13;-75869907148,41
7410200001;LAVADO EXTERNO;P000872;ECOLOGY COLOMBIA SAS;200000012890;#;TAMA01;Planeación;30/11/2018;FP-45707;11;P000872;ECOLOGY COLOMBIA SAS;Lavado buses 16-Nov al 30-Nov 2018;Lavado Techo General;0;57000;;-23254718973,37
7410200001;LAVADO EXTERNO;P000872;ECOLOGY COLOMBIA SAS;200000012890;#;TAMA01;Planeación;30/11/2018;FP-45707;11;P000872;ECOLOGY COLOMBIA SAS;Lavado buses 16-Nov al 30-Nov 2018;Polichado General;0;458705,25;;-23254260268,12
7410200001;LAVADO EXTERNO;P000872;ECOLOGY COLOMBIA SAS;200000012890;#;TAMA01;Planeación;30/11/2018;FP-45707;11;P000872;ECOLOGY COLOMBIA SAS;Lavado buses 16-Nov al 30-Nov 2018;Servicio De Lavado Externo;0;16518500;;-23237741768,12
7410200001;LAVADO EXTERNO;P000872;ECOLOGY COLOMBIA SAS;200000012895;#;TAMA01;Planeación;30/11/2018;FP-45712;11;P000872;ECOLOGY COLOMBIA SAS;Lavado buses 16-Oct al 30-Oct 2018;Lavado Techo General;0;337000;;-23237404768,12
7410200001;LAVADO EXTERNO;P000872;ECOLOGY COLOMBIA SAS;200000012895;#;TAMA01;Planeación;30/11/2018;FP-45712;11;P000872;ECOLOGY COLOMBIA SAS;Lavado buses 16-Oct al 30-Oct 2018;Polichado General;0;1661947;;-23235742821,12
7410200001;LAVADO EXTERNO;P000872;ECOLOGY COLOMBIA SAS;200000012895;#;TAMA01;Planeación;30/11/2018;FP-45712;11;P000872;ECOLOGY COLOMBIA SAS;Lavado buses 16-Oct al 30-Oct 2018;Servicio De Lavado Externo;0;17658000;;-23218084821,12
7410200001;LAVADO EXTERNO;P000872;ECOLOGY COLOMBIA SAS;200000013048;#;TAMA01;Planeación;30/11/2018;FP-45865;11;P000872;ECOLOGY COLOMBIA SAS;Lavado buses 1 Nov al 15-Nov 2018;Lavado Techo General;0;142000;;-23217942821,12
7410200001;LAVADO EXTERNO;P000872;ECOLOGY COLOMBIA SAS;200000013048;#;TAMA01;Planeación;30/11/2018;FP-45865;11;P000872;ECOLOGY COLOMBIA SAS;Lavado buses 1 Nov al 15-Nov 2018;Polichado General;0;915105,75;;-23217027715,37
7410200001;LAVADO EXTERNO;P000872;ECOLOGY COLOMBIA SAS;200000013048;#;TAMA01;Planeación;30/11/2018;FP-45865;11;P000872;ECOLOGY COLOMBIA SAS;Lavado buses 1 Nov al 15-Nov 2018;Servicio De Lavado Externo;0;11142000;;-23205885715,37
7410200002;LAVADO INTERNO;P000872;ECOLOGY COLOMBIA SAS;200000012890;#;TAMA01;Planeación;30/11/2018;FP-45707;11;P000872;ECOLOGY COLOMBIA SAS;Lavado buses 16-Nov al 30-Nov 2018;Servicio De Lavado Interno;0;17882000;;-22648139598,37
7410200002;LAVADO INTERNO;P000872;ECOLOGY COLOMBIA SAS;200000012890;#;TAMA01;Planeación;30/11/2018;FP-45707;11;P000872;ECOLOGY COLOMBIA SAS;Lavado buses 16-Nov al 30-Nov 2018;Servicio de Cubrimiento;0;1730000;;-22646409598,37
7410200002;LAVADO INTERNO;P000872;ECOLOGY COLOMBIA SAS;200000012895;#;TAMA01;Planeación;30/11/2018;FP-45712;11;P000872;ECOLOGY COLOMBIA SAS;Lavado buses 16-Oct al 30-Oct 2018;Servicio De Lavado Interno;0;18989500;;-22627420098,37
7410200002;LAVADO INTERNO;P000872;ECOLOGY COLOMBIA SAS;200000012895;#;TAMA01;Planeación;30/11/2018;FP-45712;11;P000872;ECOLOGY COLOMBIA SAS;Lavado buses 16-Oct al 30-Oct 2018;Servicio de Cubrimiento;0;1730000;;-22625690098,37
7410200002;LAVADO INTERNO;P000872;ECOLOGY COLOMBIA SAS;200000013048;#;TAMA01;Planeación;30/11/2018;FP-45865;11;P000872;ECOLOGY COLOMBIA SAS;Lavado buses 1 Nov al 15-Nov 2018;Servicio De Lavado Interno;0;14974000;;-22610716098,37
7410200004;KIT DE DESMANCHE;P000872;ECOLOGY COLOMBIA SAS;200000012890;#;TAMA01;Planeación;30/11/2018;FP-45707;11;P000872;ECOLOGY COLOMBIA SAS;Lavado buses 16-Nov al 30-Nov 2018;Desmanche;0;3331393;;-19504527114,23
7410200004;KIT DE DESMANCHE;P000872;ECOLOGY COLOMBIA SAS;200000012895;#;TAMA01;Planeación;30/11/2018;FP-45712;11;P000872;ECOLOGY COLOMBIA SAS;Lavado buses 16-Oct al 30-Oct 2018;Desmanche;0;2724586;;-19501802528,23
7410200004;KIT DE DESMANCHE;P000872;ECOLOGY COLOMBIA SAS;200000013048;#;TAMA01;Planeación;30/11/2018;FP-45865;11;P000872;ECOLOGY COLOMBIA SAS;Lavado buses 1 Nov al 15-Nov 2018;Desmanche;0;3089363;;-19498713165,23
7410350005;CHASIS;P000872;ECOLOGY COLOMBIA SAS;200000012890;#;TAMA01;Planeación;30/11/2018;FP-45707;11;P000872;ECOLOGY COLOMBIA SAS;Lavado buses 16-Nov al 30-Nov 2018;Lavado de Chasis;0;1639982;;-9142441256,43
7410350005;CHASIS;P000872;ECOLOGY COLOMBIA SAS;200000012895;#;TAMA01;Planeación;30/11/2018;FP-45712;11;P000872;ECOLOGY COLOMBIA SAS;Lavado buses 16-Oct al 30-Oct 2018;Lavado de Chasis;0;618537;;-9141822719,43
7410350005;CHASIS;P000872;ECOLOGY COLOMBIA SAS;200000013048;#;TAMA01;Planeación;30/11/2018;FP-45865;11;P000872;ECOLOGY COLOMBIA SAS;Lavado buses 1 Nov al 15-Nov 2018;Lavado de Chasis;0;1565797;;-9140256922,43
7495950001;IVA DESCONTABLE;P000872;ECOLOGY COLOMBIA SAS;200000012890;#;TAMA01;Planeación;30/11/2018;FP-45707;11;P000872;ECOLOGY COLOMBIA SAS;Lavado buses 16-Nov al 30-Nov 2018;IVA DESCONTABLE CONTRATOS DE SER;0;7907341;;-4397620158,23
7495950001;IVA DESCONTABLE;P000872;ECOLOGY COLOMBIA SAS;200000012895;#;TAMA01;Planeación;30/11/2018;FP-45712;11;P000872;ECOLOGY COLOMBIA SAS;Lavado buses 16-Oct al 30-Oct 2018;IVA DESCONTABLE CONTRATOS DE SER;0;8306718;;-4389313440,23
7495950001;IVA DESCONTABLE;P000872;ECOLOGY COLOMBIA SAS;200000013048;#;TAMA01;Planeación;30/11/2018;FP-45865;11;P000872;ECOLOGY COLOMBIA SAS;Lavado buses 1 Nov al 15-Nov 2018;IVA DESCONTABLE CONTRATOS DE SER;0;6047370;;-4383266070,23
1245050017;ALIANZAFID 10040000910 TRANSFERENCIAS SALIENTES;P000872;ECOLOGY COLOMBIA SAS;250000010280;#;#;Sin asignar;21/12/2018;12232;12;#;Sin asignar;#;#;0;;49927748,63;29315208826,62
2465250007;RTFTE SERVICIOS 4%;P000872;ECOLOGY COLOMBIA SAS;220000004535;220000004558;#;Sin asignar;31/12/2018;ND-8854;12;#;Sin asignar;#;RETENCION EN LA FUENTE;0;;1494052,08;-75091818584,25
2465250007;RTFTE SERVICIOS 4%;P000872;ECOLOGY COLOMBIA SAS;220000004558;#;#;Sin asignar;31/12/2018;ND-8877;12;#;Sin asignar;#;RETENCION EN LA FUENTE;0;;-1494052,08;-75090324532,17
2465250007;RTFTE SERVICIOS 4%;P000872;ECOLOGY COLOMBIA SAS;220000004559;#;#;Sin asignar;31/12/2018;ND-8878;12;#;Sin asignar;#;RETENCION EN LA FUENTE;0;;1494052,08;-75091818584,25
2465250007;RTFTE SERVICIOS 4%;P000872;ECOLOGY COLOMBIA SAS;220000004620;#;#;Sin asignar;31/12/2018;ND-8938;12;#;Sin asignar;#;RETENCION EN LA FUENTE;0;;1520963,96;-75093339548,21
2468080001;TARIFA 8/1000 OTROS SERVICIOS;P000872;ECOLOGY COLOMBIA SAS;220000004535;220000004558;#;Sin asignar;31/12/2018;ND-8854;12;#;Sin asignar;#;RETENCION EN LA FUENTE;0;;298810,42;-75870205958,83
2468080001;TARIFA 8/1000 OTROS SERVICIOS;P000872;ECOLOGY COLOMBIA SAS;220000004558;#;#;Sin asignar;31/12/2018;ND-8877;12;#;Sin asignar;#;RETENCION EN LA FUENTE;0;;-298810,42;-75869907148,41
2468080001;TARIFA 8/1000 OTROS SERVICIOS;P000872;ECOLOGY COLOMBIA SAS;220000004559;#;#;Sin asignar;31/12/2018;ND-8878;12;#;Sin asignar;#;RETENCION EN LA FUENTE;0;;298810,42;-75870205958,83
2468080001;TARIFA 8/1000 OTROS SERVICIOS;P000872;ECOLOGY COLOMBIA SAS;220000004620;#;#;Sin asignar;31/12/2018;ND-8938;12;#;Sin asignar;#;RETENCION EN LA FUENTE;0;;304192,79;-75870510151,62
7410200001;LAVADO EXTERNO;P000872;ECOLOGY COLOMBIA SAS;200000013344;200000014766;TAMA01;Planeación;31/12/2018;FP-46164;12;P000872;ECOLOGY COLOMBIA SAS;Lavado buses 16-Nov al 30-Nov 2018;Lavado Techo General;0;93000;;-23205792715,37
7410200001;LAVADO EXTERNO;P000872;ECOLOGY COLOMBIA SAS;200000013344;200000014766;TAMA01;Planeación;31/12/2018;FP-46164;12;P000872;ECOLOGY COLOMBIA SAS;Lavado buses 16-Nov al 30-Nov 2018;Polichado General;0;461010;;-23205331705,37
7410200001;LAVADO EXTERNO;P000872;ECOLOGY COLOMBIA SAS;200000013344;200000014766;TAMA01;Planeación;31/12/2018;FP-46164;12;P000872;ECOLOGY COLOMBIA SAS;Lavado buses 16-Nov al 30-Nov 2018;Servicio De Lavado Externo;0;14661500;;-23190670205,37
7410200001;LAVADO EXTERNO;P000872;ECOLOGY COLOMBIA SAS;200000014766;#;TAMA01;Planeación;31/12/2018;FP-48983;12;P000872;ECOLOGY COLOMBIA SAS;Lavado buses 16-Nov al 30-Nov 2018;Lavado Techo General;0;-93000;;-23190763205,37
7410200001;LAVADO EXTERNO;P000872;ECOLOGY COLOMBIA SAS;200000014766;#;TAMA01;Planeación;31/12/2018;FP-48983;12;P000872;ECOLOGY COLOMBIA SAS;Lavado buses 16-Nov al 30-Nov 2018;Polichado General;0;-461010;;-23191224215,37
7410200001;LAVADO EXTERNO;P000872;ECOLOGY COLOMBIA SAS;200000014766;#;TAMA01;Planeación;31/12/2018;FP-48983;12;P000872;ECOLOGY COLOMBIA SAS;Lavado buses 16-Nov al 30-Nov 2018;Servicio De Lavado Externo;0;-14661500;;-23205885715,37
7410200001;LAVADO EXTERNO;P000872;ECOLOGY COLOMBIA SAS;200000014767;#;TAMA01;Planeación;31/12/2018;FP-48984;12;P000872;ECOLOGY COLOMBIA SAS;Lavado buses 1 Dic al 15 Dic 2018;Lavado Techo General;0;93000;;-23205792715,37
7410200001;LAVADO EXTERNO;P000872;ECOLOGY COLOMBIA SAS;200000014767;#;TAMA01;Planeación;31/12/2018;FP-48984;12;P000872;ECOLOGY COLOMBIA SAS;Lavado buses 1 Dic al 15 Dic 2018;Polichado General;0;461010;;-23205331705,37
7410200001;LAVADO EXTERNO;P000872;ECOLOGY COLOMBIA SAS;200000014767;#;TAMA01;Planeación;31/12/2018;FP-48984;12;P000872;ECOLOGY COLOMBIA SAS;Lavado buses 1 Dic al 15 Dic 2018;Servicio De Lavado Externo;0;14661500;;-23190670205,37
7410200001;LAVADO EXTERNO;P000872;ECOLOGY COLOMBIA SAS;200000014848;#;TAMA01;Planeación;31/12/2018;FP-49065;12;P000872;ECOLOGY COLOMBIA SAS;Lavado buses 16 Dic al 31 Dic 2018;Lavado Techo General;0;46500;;-23190623705,37
7410200001;LAVADO EXTERNO;P000872;ECOLOGY COLOMBIA SAS;200000014848;#;TAMA01;Planeación;31/12/2018;FP-49065;12;P000872;ECOLOGY COLOMBIA SAS;Lavado buses 16 Dic al 31 Dic 2018;Polichado General;0;410300;;-23190213405,37
7410200001;LAVADO EXTERNO;P000872;ECOLOGY COLOMBIA SAS;200000014848;#;TAMA01;Planeación;31/12/2018;FP-49065;12;P000872;ECOLOGY COLOMBIA SAS;Lavado buses 16 Dic al 31 Dic 2018;Servicio De Lavado Externo;0;14194000;;-23176019405,37
7410200002;LAVADO INTERNO;P000872;ECOLOGY COLOMBIA SAS;200000013344;200000014766;TAMA01;Planeación;31/12/2018;FP-46164;12;P000872;ECOLOGY COLOMBIA SAS;Lavado buses 16-Nov al 30-Nov 2018;Servicio De Lavado Interno;0;16776500;;-22593939598,37
7410200002;LAVADO INTERNO;P000872;ECOLOGY COLOMBIA SAS;200000014766;#;TAMA01;Planeación;31/12/2018;FP-48983;12;P000872;ECOLOGY COLOMBIA SAS;Lavado buses 16-Nov al 30-Nov 2018;Servicio De Lavado Interno;0;-16776500;;-22610716098,37
7410200002;LAVADO INTERNO;P000872;ECOLOGY COLOMBIA SAS;200000014767;#;TAMA01;Planeación;31/12/2018;FP-48984;12;P000872;ECOLOGY COLOMBIA SAS;Lavado buses 1 Dic al 15 Dic 2018;Servicio De Lavado Interno;0;16776500;;-22593939598,37
7410200002;LAVADO INTERNO;P000872;ECOLOGY COLOMBIA SAS;200000014848;#;TAMA01;Planeación;31/12/2018;FP-49065;12;P000872;ECOLOGY COLOMBIA SAS;Lavado buses 16 Dic al 31 Dic 2018;Servicio De Lavado Interno;0;16843500;;-22577096098,37
7410200002;LAVADO INTERNO;P000872;ECOLOGY COLOMBIA SAS;200000014848;#;TAMA01;Planeación;31/12/2018;FP-49065;12;P000872;ECOLOGY COLOMBIA SAS;Lavado buses 16 Dic al 31 Dic 2018;Servicio de Cubrimiento;0;1730000;;-22575366098,37
7410200004;KIT DE DESMANCHE;P000872;ECOLOGY COLOMBIA SAS;200000013344;200000014766;TAMA01;Planeación;31/12/2018;FP-46164;12;P000872;ECOLOGY COLOMBIA SAS;Lavado buses 16-Nov al 30-Nov 2018;Desmanche;0;3450682;;-19495262483,23
7410200004;KIT DE DESMANCHE;P000872;ECOLOGY COLOMBIA SAS;200000014766;#;TAMA01;Planeación;31/12/2018;FP-48983;12;P000872;ECOLOGY COLOMBIA SAS;Lavado buses 16-Nov al 30-Nov 2018;Desmanche;0;-3450682;;-19498713165,23
7410200004;KIT DE DESMANCHE;P000872;ECOLOGY COLOMBIA SAS;200000014767;#;TAMA01;Planeación;31/12/2018;FP-48984;12;P000872;ECOLOGY COLOMBIA SAS;Lavado buses 1 Dic al 15 Dic 2018;Desmanche;0;3450682;;-19495262483,23
7410200004;KIT DE DESMANCHE;P000872;ECOLOGY COLOMBIA SAS;200000014848;#;TAMA01;Planeación;31/12/2018;FP-49065;12;P000872;ECOLOGY COLOMBIA SAS;Lavado buses 16 Dic al 31 Dic 2018;Desmanche;0;3021938;;-19492240545,23
7410350005;CHASIS;P000872;ECOLOGY COLOMBIA SAS;200000013344;200000014766;TAMA01;Planeación;31/12/2018;FP-46164;12;P000872;ECOLOGY COLOMBIA SAS;Lavado buses 16-Nov al 30-Nov 2018;Lavado de Chasis;0;1908610;;-9138348312,43
7410350005;CHASIS;P000872;ECOLOGY COLOMBIA SAS;200000014766;#;TAMA01;Planeación;31/12/2018;FP-48983;12;P000872;ECOLOGY COLOMBIA SAS;Lavado buses 16-Nov al 30-Nov 2018;Lavado de Chasis;0;-1908610;;-9140256922,43
7410350005;CHASIS;P000872;ECOLOGY COLOMBIA SAS;200000014767;#;TAMA01;Planeación;31/12/2018;FP-48984;12;P000872;ECOLOGY COLOMBIA SAS;Lavado buses 1 Dic al 15 Dic 2018;Lavado de Chasis;0;1908610;;-9138348312,43
7410350005;CHASIS;P000872;ECOLOGY COLOMBIA SAS;200000014848;#;TAMA01;Planeación;31/12/2018;FP-49065;12;P000872;ECOLOGY COLOMBIA SAS;Lavado buses 16 Dic al 31 Dic 2018;Lavado de Chasis;0;1777861;;-9136570451,43
7495950001;IVA DESCONTABLE;P000872;ECOLOGY COLOMBIA SAS;200000013344;200000014766;TAMA01;Planeación;31/12/2018;FP-46164;12;P000872;ECOLOGY COLOMBIA SAS;Lavado buses 16-Nov al 30-Nov 2018;IVA DESCONTABLE CONTRATOS DE SER;0;7096747;;-4376169323,23
7495950001;IVA DESCONTABLE;P000872;ECOLOGY COLOMBIA SAS;200000014766;#;TAMA01;Planeación;31/12/2018;FP-48983;12;P000872;ECOLOGY COLOMBIA SAS;Lavado buses 16-Nov al 30-Nov 2018;IVA DESCONTABLE CONTRATOS DE SER;0;-7096747;;-4383266070,23
7495950001;IVA DESCONTABLE;P000872;ECOLOGY COLOMBIA SAS;200000014767;#;TAMA01;Planeación;31/12/2018;FP-48984;12;P000872;ECOLOGY COLOMBIA SAS;Lavado buses 1 Dic al 15 Dic 2018;IVA DESCONTABLE CONTRATOS DE SER;0;7096747;;-4376169323,23
7495950001;IVA DESCONTABLE;P000872;ECOLOGY COLOMBIA SAS;200000014848;#;TAMA01;Planeación;31/12/2018;FP-49065;12;P000872;ECOLOGY COLOMBIA SAS;Lavado buses 16 Dic al 31 Dic 2018;IVA DESCONTABLE CONTRATOS DE SER;0;7224578,72;;-4368944744,51
