ID documento;Estado factura;Tipo documento;Fecha factura;Reembolso;Id documento externo;Fecha contabilizacion;Id pedido compra;Estado;ID proveedor;Nombre proveedor;Importe factura;Importe neto;Importe impuesto;Importe bruto
FP-26407;Pagado;Factura;22/1/2018;#;0000SM29;31/1/2018;6242;Finalizado;P000872;ECOLOGY COLOMBIA SAS;02/10/2018;84472,1146031746;31930459,32;0
FP-28315;Pagado;Factura;19/2/2018;#;SM33;28/2/2018;6596;Finalizado;P000872;ECOLOGY COLOMBIA SAS;03/09/2018;78570,86376569037;37556872,88;0
FP-28316;Pagado;Factura;7/2/2018;#;SM31;28/2/2018;6599;Finalizado;P000872;ECOLOGY COLOMBIA SAS;03/09/2018;75398,57275992438;39885844,99;0
FP-30066;Pagado;Factura;20/3/2018;#;SM38;31/3/2018;6877;Finalizado;P000872;ECOLOGY COLOMBIA SAS;04/05/2018;59328,44125326371;45445586;0
FP-30362;Pagado;Factura;1/3/2018;#;SM36;31/3/2018;#;Sin asignar;P000872;ECOLOGY COLOMBIA SAS;04/17/2018;6097628,4;34469561;0
FP-31144;Pagado;Factura;18/4/2018;#;SM41;30/4/2018;7145;Finalizado;P000872;ECOLOGY COLOMBIA SAS;04/30/2018;91259,16122840691;47546023;0
FP-32119;Pagado;Factura;2/4/2018;#;SM39;30/4/2018;#;Sin asignar;P000872;ECOLOGY COLOMBIA SAS;05/15/2018;5916397;41414779;0
FP-33776;Pagado;Factura;25/5/2018;#;SM44;31/5/2018;7529;Finalizado;P000872;ECOLOGY COLOMBIA SAS;06/07/2018;80913,3896797153;45473325;0
FP-33873;Pagado;Factura;3/5/2018;#;SM42;31/5/2018;#;Sin asignar;P000872;ECOLOGY COLOMBIA SAS;06/15/2018;6648184,285714286;46537290;0
FP-35624;Pagado;Factura;18/6/2018;#;SM47;30/6/2018;7916;Finalizado;P000872;ECOLOGY COLOMBIA SAS;07/12/2018;79234,29565217391;45559720;0
FP-35696;Pagado;Factura;30/6/2018;#;SM48;30/6/2018;#;Sin asignar;P000872;ECOLOGY COLOMBIA SAS;07/17/2018;9127424;45637120;0
FP-35700;Pagado;Factura;1/6/2018;#;SM45;30/6/2018;#;Sin asignar;P000872;ECOLOGY COLOMBIA SAS;07/17/2018;7493013,714285714;52451096;0
FP-37611;Pagado;Factura;16/7/2018;#;SM49;31/7/2018;8544;Finalizado;P000872;ECOLOGY COLOMBIA SAS;08/10/2018;91601,88528138529;42320071;0
FP-37729;Pagado;Factura;30/7/2018;#;SM50;31/7/2018;#;Sin asignar;P000872;ECOLOGY COLOMBIA SAS;08/14/2018;6174861,625;49398893;0
FP-37910;Pagado;Factura;16/8/2018;#;SM51;16/8/2018;8744;Finalizado;P000872;ECOLOGY COLOMBIA SAS;08/31/2018;88615,34979423867;43067060;0
FP-39695;Pagado;Factura;31/8/2018;#;SM52;31/8/2018;#;Sin asignar;P000872;ECOLOGY COLOMBIA SAS;09/12/2018;6277262,875;50218103;0
FP-41435;Pagado;Factura;30/9/2018;#;SM54;30/9/2018;#;Sin asignar;P000872;ECOLOGY COLOMBIA SAS;10/12/2018;6062483,75;48499870;0
FP-41436;Pagado;Factura;19/9/2018;#;SM53;30/9/2018;#;Sin asignar;P000872;ECOLOGY COLOMBIA SAS;10/12/2018;7108343,333333333;42650060;0
FP-43434;Pagado;Factura;16/10/2018;#;SM55;31/10/2018;#;Sin asignar;P000872;ECOLOGY COLOMBIA SAS;11/08/2018;6483276,74;45382937,18;0
FP-45707;Pagado;Factura;30/11/2018;#;SM59;30/11/2018;#;Sin asignar;P000872;ECOLOGY COLOMBIA SAS;12/13/2018;6190615,15625;49524921,25;0
FP-45712;Pagado;Factura;1/11/2018;#;SM57;30/11/2018;#;Sin asignar;P000872;ECOLOGY COLOMBIA SAS;12/13/2018;6503286;52026288;0
FP-45865;Pagado;Factura;16/11/2018;#;SM58;30/11/2018;#;Sin asignar;P000872;ECOLOGY COLOMBIA SAS;12/14/2018;5410805,107142857;37875635,75;0
FP-46164;Cancelada;Factura;17/12/2018;#;SM60;31/12/2018;#;Sin asignar;P000872;ECOLOGY COLOMBIA SAS;01/04/2019;6349721,285714286;44448049;0
FP-48983;Contabilizada;Factura;17/12/2018;#;SM60;31/12/2018;#;Sin asignar;P000872;ECOLOGY COLOMBIA SAS;01/08/2019;6349721,285714286;-44448049;0
FP-48984;Pagado;Factura;17/12/2018;#;SM60;31/12/2018;#;Sin asignar;P000872;ECOLOGY COLOMBIA SAS;01/08/2019;6349721,285714286;44448049;0
FP-49065;Pagado;Factura;31/12/2018;#;SM61;31/12/2018;#;Sin asignar;P000872;ECOLOGY COLOMBIA SAS;01/10/2019;5656084,715;45248677,72;0
ND-4450;Pagado;Nota de crédito;22/1/2018;#;RET-FP-26407;31/1/2018;#;Sin asignar;P000872;ECOLOGY COLOMBIA SAS;02/10/2018;321987,7775;-1287951,11;0
ND-4762;Pagado;Nota de crédito;19/2/2018;#;RET-FP-28315;28/2/2018;#;Sin asignar;P000872;ECOLOGY COLOMBIA SAS;03/09/2018;252483,15;-1514898,9;0
ND-4763;Pagado;Nota de crédito;7/2/2018;#;RET-FP-28316;28/2/2018;#;Sin asignar;P000872;ECOLOGY COLOMBIA SAS;03/09/2018;402210,0575;-1608840,23;0
ND-5014;Pagado;Nota de crédito;20/3/2018;#;RET-FP-30066;31/3/2018;#;Sin asignar;P000872;ECOLOGY COLOMBIA SAS;04/05/2018;458274,765;-1833099,06;0
ND-5251;Pagado;Nota de crédito;1/3/2018;#;RET-FP-30362;31/3/2018;#;Sin asignar;P000872;ECOLOGY COLOMBIA SAS;04/17/2018;347592,215;-1390368,86;0
ND-5292;Pagado;Nota de crédito;18/4/2018;#;RET-FP-31144;30/4/2018;#;Sin asignar;P000872;ECOLOGY COLOMBIA SAS;04/30/2018;479455,635;-1917822,54;0
ND-5498;Pagado;Nota de crédito;2/4/2018;#;RET-FP-32119;30/4/2018;#;Sin asignar;P000872;ECOLOGY COLOMBIA SAS;05/15/2018;417628,02;-1670512,08;0
ND-5683;Pagado;Nota de crédito;25/5/2018;#;RET-FP-33776;31/5/2018;#;Sin asignar;P000872;ECOLOGY COLOMBIA SAS;06/07/2018;458554,435;-1834217,74;0
ND-5757;Pagado;Nota de crédito;3/5/2018;#;RET-FP-33873;31/5/2018;#;Sin asignar;P000872;ECOLOGY COLOMBIA SAS;06/15/2018;469283,59;-1877134,36;0
ND-6007;Pagado;Nota de crédito;18/6/2018;#;RET-FP-35624;30/6/2018;#;Sin asignar;P000872;ECOLOGY COLOMBIA SAS;07/12/2018;459425,68;-1837702,72;0
ND-6074;Pagado;Nota de crédito;30/6/2018;#;RET-FP-35696;30/6/2018;#;Sin asignar;P000872;ECOLOGY COLOMBIA SAS;07/17/2018;368165,01;-1840825,05;0
ND-6078;Pagado;Nota de crédito;1/6/2018;#;RET-FP-35700;30/6/2018;#;Sin asignar;P000872;ECOLOGY COLOMBIA SAS;07/17/2018;528918,625;-2115674,5;0
ND-6499;Pagado;Nota de crédito;16/7/2018;#;RET-FP-37611;31/7/2018;#;Sin asignar;P000872;ECOLOGY COLOMBIA SAS;08/10/2018;426757,0575;-1707028,23;0
ND-6605;Pagado;Nota de crédito;30/7/2018;#;RET-FP-37729;31/7/2018;#;Sin asignar;P000872;ECOLOGY COLOMBIA SAS;08/14/2018;498140,1;-1992560,4;0
ND-6751;Pagado;Nota de crédito;16/8/2018;#;RET-FP-37910;16/8/2018;#;Sin asignar;P000872;ECOLOGY COLOMBIA SAS;08/31/2018;434289,7425;-1737158,97;0
ND-7055;Pagado;Nota de crédito;31/8/2018;#;RET-FP-39695;31/8/2018;#;Sin asignar;P000872;ECOLOGY COLOMBIA SAS;09/12/2018;675201,4066666667;-2025604,22;0
ND-7285;Pagado;Nota de crédito;30/9/2018;#;RET-FP-41435;30/9/2018;#;Sin asignar;P000872;ECOLOGY COLOMBIA SAS;10/12/2018;652099,0866666667;-1956297,26;0
ND-7286;Pagado;Nota de crédito;19/9/2018;#;RET-FP-41436;30/9/2018;#;Sin asignar;P000872;ECOLOGY COLOMBIA SAS;10/12/2018;573446,19;-1720338,57;0
ND-7727;Pagado;Nota de crédito;16/10/2018;#;RET-FP-43434;31/10/2018;#;Sin asignar;P000872;ECOLOGY COLOMBIA SAS;11/08/2018;610190,7533333333;-1830572,26;0
ND-8438;Pagado;Nota de crédito;30/11/2018;#;RET-FP-45707;30/11/2018;#;Sin asignar;P000872;ECOLOGY COLOMBIA SAS;12/13/2018;665881,2833333333;-1997643,85;0
ND-8443;Pagado;Nota de crédito;1/11/2018;#;RET-FP-45712;30/11/2018;#;Sin asignar;P000872;ECOLOGY COLOMBIA SAS;12/13/2018;699513,1233333333;-2098539,37;0
ND-8595;Pagado;Nota de crédito;16/11/2018;#;RET-FP-45865;30/11/2018;#;Sin asignar;P000872;ECOLOGY COLOMBIA SAS;12/14/2018;509252,2533333333;-1527756,76;0
ND-8854;Cancelada;Nota de crédito;17/12/2018;#;RET-FP-46164;31/12/2018;#;Sin asignar;P000872;ECOLOGY COLOMBIA SAS;01/04/2019;597620,8333333333;-1792862,5;0
ND-8877;Contabilizada;Nota de crédito;17/12/2018;#;RET-FP-46164;31/12/2018;#;Sin asignar;P000872;ECOLOGY COLOMBIA SAS;01/08/2019;597620,8333333333;1792862,5;0
ND-8878;Pagado;Nota de crédito;17/12/2018;#;RET-FP-48984;31/12/2018;#;Sin asignar;P000872;ECOLOGY COLOMBIA SAS;01/08/2019;597620,8333333333;-1792862,5;0
ND-8938;Pagado;Nota de crédito;31/12/2018;#;RET-FP-49065;31/12/2018;#;Sin asignar;P000872;ECOLOGY COLOMBIA SAS;01/10/2019;608385,5833333333;-1825156,75;0
FP-52466;Pagado;Factura;31/1/2019;#;SM62;31/1/2019;#;Sin asignar;P000872;ECOLOGY COLOMBIA SAS;02/14/2019;5003099,222222222;45027893;0
FP-52693;Pagado;Factura;3/2/2019;#;SM64;3/2/2019;#;Sin asignar;P000872;ECOLOGY COLOMBIA SAS;03/04/2019;4646437,5;37171500;0
FP-52694;Pagado;Factura;18/2/2019;#;SM65;28/2/2019;#;Sin asignar;P000872;ECOLOGY COLOMBIA SAS;03/05/2019;4757855,444444444;42820699;0
FP-52847;Pagado;Factura;28/2/2019;#;SM66;28/2/2019;#;Sin asignar;P000872;ECOLOGY COLOMBIA SAS;03/11/2019;4237336,375;33898691;0
FP-55878;Pagado;Factura;18/1/2019;#;SM68;31/3/2019;#;Sin asignar;P000872;ECOLOGY COLOMBIA SAS;04/09/2019;5263735,25;42109882;0
FP-55960;Pagado;Factura;31/3/2019;#;SM69;31/3/2019;#;Sin asignar;P000872;ECOLOGY COLOMBIA SAS;04/15/2019;4595050;41355450;0
FP-57876;Pagado;Factura;30/4/2019;#;SM72;30/4/2019;#;Sin asignar;P000872;ECOLOGY COLOMBIA SAS;05/11/2019;4289439,358888889;38604954,23;0
FP-57879;Pagado;Factura;16/4/2019;#;SM71;30/4/2019;#;Sin asignar;P000872;ECOLOGY COLOMBIA SAS;05/11/2019;5166285,25;41330282;0
FP-59161;Pagado;Factura;16/5/2019;#;SM74;31/5/2019;#;Sin asignar;P000872;ECOLOGY COLOMBIA SAS;06/05/2019;5039809,06375;40318472,51;0
FP-63850;Pagado;Factura;17/6/2019;#;SM78;30/6/2019;14993;Finalizado;P000872;ECOLOGY COLOMBIA SAS;07/10/2019;101729,5971428571;35605359;0
FP-63868;Cancelada;Factura;6/6/2019;#;SM77;30/6/2019;14998;Finalizado;P000872;ECOLOGY COLOMBIA SAS;07/10/2019;125909,2891436464;45579162,67;0
FP-63869;Contabilizada;Factura;6/6/2019;#;SM77;30/6/2019;14998;Finalizado;P000872;ECOLOGY COLOMBIA SAS;07/10/2019;125909,2891436464;-45579162,67;0
FP-63870;Pagado;Factura;6/6/2019;#;SM77;30/6/2019;14998;Finalizado;P000872;ECOLOGY COLOMBIA SAS;07/10/2019;125909,2891436464;45579162,67;0
FP-63871;Pagado;Factura;30/6/2019;#;SM79;30/6/2019;14995;Finalizado;P000872;ECOLOGY COLOMBIA SAS;07/10/2019;96874,81567567568;35843681,8;0
FP-65849;Pagado;Factura;17/7/2019;#;SM81;31/7/2019;15760;Finalizado;P000872;ECOLOGY COLOMBIA SAS;08/14/2019;134122,1278707224;35274119,63;0
FP-65855;Pagado;Factura;30/7/2019;#;SM89;31/7/2019;15762;Finalizado;P000872;ECOLOGY COLOMBIA SAS;08/14/2019;35629,26336842105;3384780,02;0
FP-65856;Pagado;Factura;30/7/2019;#;SM91;31/7/2019;15763;Finalizado;P000872;ECOLOGY COLOMBIA SAS;08/14/2019;23037,34782608696;529859;0
FP-65857;Pagado;Factura;30/7/2019;#;SM92;30/7/2019;15764;Finalizado;P000872;ECOLOGY COLOMBIA SAS;08/14/2019;4709,36;117734;0
FP-65858;Pagado;Factura;30/7/2019;#;SM88;31/7/2019;15761;Finalizado;P000872;ECOLOGY COLOMBIA SAS;08/14/2019;140347,858973384;36911486,91;0
FP-65878;Pagado;Factura;17/7/2019;#;SM83;31/7/2019;15754;Finalizado;P000872;ECOLOGY COLOMBIA SAS;08/15/2019;17831,03150537634;1658285,93;0
FP-65900;Pagado;Factura;17/7/2019;#;SM85;31/7/2019;15758;Finalizado;P000872;ECOLOGY COLOMBIA SAS;08/15/2019;4640,210526315789;88164;0
FP-65901;Pagado;Factura;17/7/2019;#;SM82;31/7/2019;15751;Finalizado;P000872;ECOLOGY COLOMBIA SAS;08/15/2019;35692,51677419355;3319404,06;0
FP-65909;Pagado;Factura;17/7/2019;#;SM84;31/7/2019;15757;Finalizado;P000872;ECOLOGY COLOMBIA SAS;08/15/2019;23036,82608695652;529847;0
FP-66020;Pagado;Factura;30/7/2019;#;SM90;31/7/2019;15766;Finalizado;P000872;ECOLOGY COLOMBIA SAS;08/16/2019;17725,28567901235;1435748,14;0
FP-66021;Pagado;Factura;30/7/2019;#;SM93;31/7/2019;15765;Finalizado;P000872;ECOLOGY COLOMBIA SAS;08/16/2019;6904,357414448669;1815846;0
FP-67907;Pagado;Factura;31/8/2019;#;SM100;31/8/2019;16218;Finalizado;P000872;ECOLOGY COLOMBIA SAS;09/11/2019;108115,5244569288;28866845,03;0
FP-67908;Pagado;Factura;31/8/2019;#;SM102;31/8/2019;16217;Finalizado;P000872;ECOLOGY COLOMBIA SAS;09/11/2019;15444,13607843137;787650,94;0
FP-67909;Pagado;Factura;31/8/2019;#;SM103;31/8/2019;16216;Finalizado;P000872;ECOLOGY COLOMBIA SAS;09/11/2019;19545,47619047619;410455;0
FP-67910;Pagado;Factura;31/8/2019;#;SM105;31/8/2019;16211;Finalizado;P000872;ECOLOGY COLOMBIA SAS;09/11/2019;5916,801498127341;1579786;0
FP-67911;Pagado;Factura;31/8/2019;#;SM101;31/8/2019;16212;Finalizado;P000872;ECOLOGY COLOMBIA SAS;09/11/2019;30808,12654545455;1694446,96;0
FP-67917;Pagado;Factura;16/8/2019;#;SM98;31/8/2019;16231;Finalizado;P000872;ECOLOGY COLOMBIA SAS;09/11/2019;4751,666666666667;99785;0
FP-67918;Pagado;Factura;16/8/2019;#;SM94;31/8/2019;16222;Finalizado;P000872;ECOLOGY COLOMBIA SAS;09/11/2019;132163,9034749035;34230451;0
FP-67921;Pagado;Factura;16/8/2019;#;SM97;31/8/2019;16230;Finalizado;P000872;ECOLOGY COLOMBIA SAS;09/11/2019;22932,17260869565;527439,97;0
FP-67922;Pagado;Factura;16/8/2019;#;SM96;31/8/2019;16228;Finalizado;P000872;ECOLOGY COLOMBIA SAS;09/11/2019;17602,48936170213;827317;0
FP-67923;Pagado;Factura;16/8/2019;#;SM95;16/8/2019;16223;Finalizado;P000872;ECOLOGY COLOMBIA SAS;09/11/2019;35197,57534246575;2569423;0
FP-67924;Pagado;Factura;31/8/2019;#;SM104;31/8/2019;16219;Finalizado;P000872;ECOLOGY COLOMBIA SAS;09/11/2019;4232,691304347826;97351,9;0
FP-70192;Pagado;Factura;16/9/2019;#;SM106;30/9/2019;#;Sin asignar;P000872;ECOLOGY COLOMBIA SAS;10/15/2019;7529462,25;30117849;0
FP-70193;Pagado;Factura;16/9/2019;#;SM107;30/9/2019;#;Sin asignar;P000872;ECOLOGY COLOMBIA SAS;10/15/2019;543064,3333333333;1629193;0
FP-70194;Pagado;Factura;16/9/2019;#;SM108;30/9/2019;#;Sin asignar;P000872;ECOLOGY COLOMBIA SAS;10/15/2019;134517,6666666667;403553;0
FP-70195;Pagado;Factura;16/9/2019;#;SM109;30/9/2019;#;Sin asignar;P000872;ECOLOGY COLOMBIA SAS;10/15/2019;154358,6666666667;463076;0
FP-70196;Pagado;Factura;16/9/2019;#;SM110;30/9/2019;#;Sin asignar;P000872;ECOLOGY COLOMBIA SAS;10/15/2019;29501;88503;0
FP-70197;Pagado;Factura;30/9/2019;#;SM112;30/9/2019;#;Sin asignar;P000872;ECOLOGY COLOMBIA SAS;10/15/2019;7549891;30199564;0
FP-70198;Pagado;Factura;30/9/2019;#;SM113;30/9/2019;#;Sin asignar;P000872;ECOLOGY COLOMBIA SAS;10/15/2019;630068,3333333333;1890205;0
FP-70199;Pagado;Factura;30/9/2019;#;SM114;30/9/2019;#;Sin asignar;P000872;ECOLOGY COLOMBIA SAS;10/15/2019;200108,6666666667;600326;0
FP-70200;Pagado;Factura;30/9/2019;#;SM115;30/9/2019;#;Sin asignar;P000872;ECOLOGY COLOMBIA SAS;10/15/2019;108051,3333333333;324154;0
FP-70201;Pagado;Factura;30/9/2019;#;SM116;30/9/2019;#;Sin asignar;P000872;ECOLOGY COLOMBIA SAS;10/15/2019;26550,66666666667;79652;0
FP-70202;Pagado;Factura;30/9/2019;#;SM117;30/9/2019;#;Sin asignar;P000872;ECOLOGY COLOMBIA SAS;10/15/2019;526595,3333333333;1579786;0
FP-72144;Pagado;Factura;16/10/2019;#;SM 118;31/10/2019;17354;Finalizado;P000872;ECOLOGY COLOMBIA SAS;11/07/2019;116707,6482213439;29527035;0
FP-72145;Pagado;Factura;16/10/2019;#;SM 119;31/10/2019;17356;Finalizado;P000872;ECOLOGY COLOMBIA SAS;11/07/2019;30585,46693877551;1498687,88;0
FP-72146;Pagado;Factura;16/10/2019;#;SM 120;16/10/2019;17355;Finalizado;P000872;ECOLOGY COLOMBIA SAS;11/07/2019;15609,54709090909;858525,09;0
FP-72147;Pagado;Factura;16/10/2019;#;SM 121;31/10/2019;17353;Finalizado;P000872;ECOLOGY COLOMBIA SAS;11/07/2019;19617,64;490441;0
FP-72148;Pagado;Factura;16/10/2019;#;SM 122;31/10/2019;17352;Finalizado;P000872;ECOLOGY COLOMBIA SAS;11/07/2019;4192,153684210526;79650,92;0
FP-72149;Pagado;Factura;31/10/2019;#;SM 125;31/10/2019;17358;Finalizado;P000872;ECOLOGY COLOMBIA SAS;11/07/2019;29838,38315789474;1700787,84;0
FP-72152;Pagado;Factura;31/10/2019;#;SM 124;31/10/2019;17359;Finalizado;P000872;ECOLOGY COLOMBIA SAS;11/07/2019;127890,1739130435;32356214;0
FP-72155;Pagado;Factura;31/10/2019;#;SM 126;31/10/2019;17360;Finalizado;P000872;ECOLOGY COLOMBIA SAS;11/07/2019;14978,36607843137;763896,67;0
FP-72156;Pagado;Factura;31/10/2019;#;SM 127;31/10/2019;17361;Finalizado;P000872;ECOLOGY COLOMBIA SAS;11/07/2019;19501,96413793103;565556,96;0
FP-72158;Pagado;Factura;31/10/2019;#;SM 128;31/10/2019;17362;Finalizado;P000872;ECOLOGY COLOMBIA SAS;11/07/2019;4261,220740740741;115052,96;0
FP-72161;Pagado;Factura;31/10/2019;#;SM 129;31/10/2019;17368;Finalizado;P000872;ECOLOGY COLOMBIA SAS;11/07/2019;6244,213438735178;1579786;0
FP-74122;Pagado;Factura;30/11/2019;#;SM135;30/11/2019;17893;Finalizado;P000872;ECOLOGY COLOMBIA SAS;12/11/2019;114245,0988142292;28904010;0
FP-74123;Pagado;Factura;30/11/2019;#;SM136;30/11/2019;17892;Finalizado;P000872;ECOLOGY COLOMBIA SAS;12/11/2019;29817,41679245283;1580323,09;0
FP-74124;Pagado;Factura;30/11/2019;#;SM137;30/11/2019;17895;Finalizado;P000872;ECOLOGY COLOMBIA SAS;12/11/2019;15039,66666666667;767023;0
FP-74125;Pagado;Factura;30/11/2019;#;SM139;30/11/2019;17898;Finalizado;P000872;ECOLOGY COLOMBIA SAS;12/11/2019;4261,266666666667;115054,2;0
FP-74126;Pagado;Factura;30/11/2019;#;SM140;30/11/2019;17913;Finalizado;P000872;ECOLOGY COLOMBIA SAS;12/11/2019;6244,213438735178;1579786;0
FP-74127;Pagado;Factura;20/11/2019;#;SM130;30/11/2019;17903;Finalizado;P000872;ECOLOGY COLOMBIA SAS;12/11/2019;93519,604743083;23660460;0
FP-74128;Pagado;Factura;20/11/2019;#;SM131;30/11/2019;17904;Finalizado;P000872;ECOLOGY COLOMBIA SAS;12/12/2019;29719,02177777778;1337355,98;0
FP-74129;Pagado;Factura;20/11/2019;#;SM132;30/11/2019;17911;Finalizado;P000872;ECOLOGY COLOMBIA SAS;12/12/2019;15138,89232876712;1105139,14;0
FP-74130;Pagado;Factura;20/11/2019;#;SM133;30/11/2019;17906;Finalizado;P000872;ECOLOGY COLOMBIA SAS;12/12/2019;19440,69565217391;447136;0
FP-74131;Pagado;Factura;20/11/2019;#;SM134;30/11/2019;17902;Finalizado;P000872;ECOLOGY COLOMBIA SAS;12/12/2019;4232,739130434783;97353;0
FP-74412;Pagado;Factura;30/11/2019;#;SM138;30/11/2019;17897;Documento de seguimiento creado;P000872;ECOLOGY COLOMBIA SAS;12/16/2019;22928,5248;490012,12;0
FP-74655;Pagado;Factura;27/12/2019;#;SM149;31/12/2019;18429;Finalizado;P000872;ECOLOGY COLOMBIA SAS;01/08/2020;83122,35968379446;21029957;0
FP-74656;Pagado;Factura;27/12/2019;#;SM150;31/12/2019;18428;Finalizado;P000872;ECOLOGY COLOMBIA SAS;01/08/2020;29401,30771428571;1029045,77;0
FP-74657;Pagado;Factura;27/12/2019;#;SM151;31/12/2019;18435;Finalizado;P000872;ECOLOGY COLOMBIA SAS;01/08/2020;14574,17;422650,93;0
FP-74658;Pagado;Factura;27/12/2019;#;SM152;31/12/2019;18432;Finalizado;P000872;ECOLOGY COLOMBIA SAS;01/08/2020;19235,15789473684;365468;0
FP-74659;Pagado;Factura;27/12/2019;#;SM154;31/12/2019;18434;Finalizado;P000872;ECOLOGY COLOMBIA SAS;01/08/2020;6244,213438735178;1579786;0
FP-74660;Pagado;Factura;16/12/2019;#;SM144;31/12/2019;18420;Finalizado;P000872;ECOLOGY COLOMBIA SAS;01/08/2020;121878,7786561265;30835331;0
FP-74661;Pagado;Factura;16/12/2019;#;SM148;31/12/2019;18418;Finalizado;P000872;ECOLOGY COLOMBIA SAS;01/08/2020;4214,380952380952;88502;0
FP-74715;Pagado;Factura;27/12/2019;#;SM153;31/12/2019;18436;Finalizado;P000872;ECOLOGY COLOMBIA SAS;01/09/2020;4164,823529411765;70802;0
FP-74716;Pagado;Factura;16/12/2019;#;SM146;31/12/2019;18422;Finalizado;P000872;ECOLOGY COLOMBIA SAS;01/09/2020;14721,18978723404;691895,92;0
FP-74717;Pagado;Factura;16/12/2019;#;SM145;31/12/2019;18423;Finalizado;P000872;ECOLOGY COLOMBIA SAS;01/09/2020;29809,66444444444;1341434,9;0
ND-10282;Pagado;Nota de crédito;18/1/2019;#;RET-FP-55878;31/3/2019;#;Sin asignar;P000872;ECOLOGY COLOMBIA SAS;04/09/2019;90316,105;-180632,21;0
ND-10306;Pagado;Nota de crédito;31/3/2019;#;RET-FP-55960;31/3/2019;#;Sin asignar;P000872;ECOLOGY COLOMBIA SAS;04/15/2019;88698,025;-177396,05;0
ND-10688;Pagado;Nota de crédito;30/4/2019;#;RET-FP-57876;30/4/2019;#;Sin asignar;P000872;ECOLOGY COLOMBIA SAS;05/11/2019;82798,83;-165597,66;0
ND-10689;Pagado;Nota de crédito;16/4/2019;#;RET-FP-57879;30/4/2019;#;Sin asignar;P000872;ECOLOGY COLOMBIA SAS;05/11/2019;88644,05;-177288,1;0
ND-11063;Pagado;Nota de crédito;16/5/2019;#;RET-FP-59161;31/5/2019;#;Sin asignar;P000872;ECOLOGY COLOMBIA SAS;06/05/2019;86473,94;-172947,88;0
ND-11936;Pagado;Nota de crédito;17/6/2019;#;RET-FP-63850;30/6/2019;#;Sin asignar;P000872;ECOLOGY COLOMBIA SAS;07/10/2019;76365,25;-152730,5;0
ND-11951;Cancelada;Nota de crédito;6/6/2019;#;RET-FP-63868;30/6/2019;#;Sin asignar;P000872;ECOLOGY COLOMBIA SAS;07/10/2019;162928,29;-162928,29;0
ND-11952;Contabilizada;Nota de crédito;6/6/2019;#;RET-FP-63868;30/6/2019;#;Sin asignar;P000872;ECOLOGY COLOMBIA SAS;07/10/2019;162928,29;162928,29;0
ND-11953;Pagado;Nota de crédito;6/6/2019;#;RET-FP-63870;30/6/2019;#;Sin asignar;P000872;ECOLOGY COLOMBIA SAS;07/10/2019;97756,845;-195513,69;0
ND-11954;Pagado;Nota de crédito;30/6/2019;#;RET-FP-63871;30/6/2019;#;Sin asignar;P000872;ECOLOGY COLOMBIA SAS;07/10/2019;76896,12;-153792,24;0
ND-12314;Pagado;Nota de crédito;17/7/2019;#;RET-FP-65849;31/7/2019;#;Sin asignar;P000872;ECOLOGY COLOMBIA SAS;08/14/2019;75655,51;-151311,02;0
ND-12319;Pagado;Nota de crédito;30/7/2019;#;RET-FP-65855;31/7/2019;#;Sin asignar;P000872;ECOLOGY COLOMBIA SAS;08/14/2019;7259,635;-14519,27;0
ND-12320;Pagado;Nota de crédito;30/7/2019;#;RET-FP-65856;31/7/2019;#;Sin asignar;P000872;ECOLOGY COLOMBIA SAS;08/14/2019;1136,39;-2272,78;0
ND-12321;Pagado;Nota de crédito;30/7/2019;#;RET-FP-65857;30/7/2019;#;Sin asignar;P000872;ECOLOGY COLOMBIA SAS;08/14/2019;275,225;-550,45;0
ND-12323;Pagado;Nota de crédito;30/7/2019;#;RET-FP-65858;31/7/2019;#;Sin asignar;P000872;ECOLOGY COLOMBIA SAS;08/14/2019;79167,13;-158334,26;0
ND-12342;Pagado;Nota de crédito;17/7/2019;#;RET-FP-65878;31/7/2019;#;Sin asignar;P000872;ECOLOGY COLOMBIA SAS;08/15/2019;3556,64;-7113,28;0
ND-12363;Pagado;Nota de crédito;17/7/2019;#;RET-FP-65900;31/7/2019;#;Sin asignar;P000872;ECOLOGY COLOMBIA SAS;08/15/2019;189,095;-378,19;0
ND-12364;Pagado;Nota de crédito;17/7/2019;#;RET-FP-65901;31/7/2019;#;Sin asignar;P000872;ECOLOGY COLOMBIA SAS;08/15/2019;7119,34;-14238,68;0
ND-12371;Pagado;Nota de crédito;17/7/2019;#;RET-FP-65909;31/7/2019;#;Sin asignar;P000872;ECOLOGY COLOMBIA SAS;08/15/2019;1136,39;-2272,78;0
ND-12481;Pagado;Nota de crédito;30/7/2019;#;RET-FP-66020;31/7/2019;#;Sin asignar;P000872;ECOLOGY COLOMBIA SAS;08/16/2019;3079,25;-6158,5;0
ND-12482;Pagado;Nota de crédito;30/7/2019;#;RET-FP-66021;31/7/2019;#;Sin asignar;P000872;ECOLOGY COLOMBIA SAS;08/16/2019;3894,63;-7789,26;0
ND-12734;Pagado;Nota de crédito;31/8/2019;#;RET-FP-67907;31/8/2019;#;Sin asignar;P000872;ECOLOGY COLOMBIA SAS;09/11/2019;61911,73;-123823,46;0
ND-12735;Pagado;Nota de crédito;31/8/2019;#;RET-FP-67909;31/8/2019;#;Sin asignar;P000872;ECOLOGY COLOMBIA SAS;09/11/2019;880,35;-1760,7;0
ND-12736;Pagado;Nota de crédito;31/8/2019;#;RET-FP-67908;31/8/2019;#;Sin asignar;P000872;ECOLOGY COLOMBIA SAS;09/11/2019;1689,28;-3378,56;0
ND-12737;Pagado;Nota de crédito;31/8/2019;#;RET-FP-67910;31/8/2019;#;Sin asignar;P000872;ECOLOGY COLOMBIA SAS;09/11/2019;3388,135;-6776,27;0
ND-12738;Pagado;Nota de crédito;31/8/2019;#;RET-FP-67911;31/8/2019;#;Sin asignar;P000872;ECOLOGY COLOMBIA SAS;09/11/2019;3634,21;-7268,42;0
ND-12744;Pagado;Nota de crédito;16/8/2019;#;RET-FP-67917;31/8/2019;#;Sin asignar;P000872;ECOLOGY COLOMBIA SAS;09/11/2019;213,92;-427,84;0
ND-12745;Pagado;Nota de crédito;16/8/2019;#;RET-FP-67918;31/8/2019;#;Sin asignar;P000872;ECOLOGY COLOMBIA SAS;09/11/2019;73415,98;-146831,96;0
ND-12747;Pagado;Nota de crédito;16/8/2019;#;RET-FP-67921;31/8/2019;#;Sin asignar;P000872;ECOLOGY COLOMBIA SAS;09/11/2019;1131,2;-2262,4;0
ND-12748;Pagado;Nota de crédito;31/8/2019;#;RET-FP-67924;31/8/2019;#;Sin asignar;P000872;ECOLOGY COLOMBIA SAS;09/11/2019;208,835;-417,67;0
ND-12751;Pagado;Nota de crédito;16/8/2019;#;RET-FP-67922;31/8/2019;#;Sin asignar;P000872;ECOLOGY COLOMBIA SAS;09/11/2019;1774,36;-3548,72;0
ND-12752;Pagado;Nota de crédito;16/8/2019;#;RET-FP-67923;16/8/2019;#;Sin asignar;P000872;ECOLOGY COLOMBIA SAS;09/11/2019;5510,61;-11021,22;0
ND-13375;Pagado;Nota de crédito;16/9/2019;#;RET-FP-70192;30/9/2019;#;Sin asignar;P000872;ECOLOGY COLOMBIA SAS;10/15/2019;64595,93;-129191,86;0
ND-13376;Pagado;Nota de crédito;16/9/2019;#;RET-FP-70193;30/9/2019;#;Sin asignar;P000872;ECOLOGY COLOMBIA SAS;10/15/2019;3494,255;-6988,51;0
ND-13377;Pagado;Nota de crédito;16/9/2019;#;RET-FP-70194;30/9/2019;#;Sin asignar;P000872;ECOLOGY COLOMBIA SAS;10/15/2019;865,535;-1731,07;0
ND-13378;Pagado;Nota de crédito;16/9/2019;#;RET-FP-70195;30/9/2019;#;Sin asignar;P000872;ECOLOGY COLOMBIA SAS;10/15/2019;993,19;-1986,38;0
ND-13379;Pagado;Nota de crédito;16/9/2019;#;RET-FP-70196;30/9/2019;#;Sin asignar;P000872;ECOLOGY COLOMBIA SAS;10/15/2019;189,815;-379,63;0
ND-13380;Pagado;Nota de crédito;30/9/2019;#;RET-FP-70197;30/9/2019;#;Sin asignar;P000872;ECOLOGY COLOMBIA SAS;10/15/2019;64771,175;-129542,35;0
ND-13381;Pagado;Nota de crédito;30/9/2019;#;RET-FP-70198;30/9/2019;#;Sin asignar;P000872;ECOLOGY COLOMBIA SAS;10/15/2019;4054,055;-8108,11;0
ND-13382;Pagado;Nota de crédito;30/9/2019;#;RET-FP-70199;30/9/2019;#;Sin asignar;P000872;ECOLOGY COLOMBIA SAS;10/15/2019;1287,55;-2575,1;0
ND-13383;Pagado;Nota de crédito;30/9/2019;#;RET-FP-70200;30/9/2019;#;Sin asignar;P000872;ECOLOGY COLOMBIA SAS;10/15/2019;695,23;-1390,46;0
ND-13384;Pagado;Nota de crédito;30/9/2019;#;RET-FP-70201;30/9/2019;#;Sin asignar;P000872;ECOLOGY COLOMBIA SAS;10/15/2019;170,83;-341,66;0
ND-13385;Pagado;Nota de crédito;30/9/2019;#;RET-FP-70202;30/9/2019;#;Sin asignar;P000872;ECOLOGY COLOMBIA SAS;10/15/2019;3388,27;-6776,54;0
ND-13646;Pagado;Nota de crédito;16/10/2019;#;RET-FP-72147;31/10/2019;#;Sin asignar;P000872;ECOLOGY COLOMBIA SAS;11/07/2019;1051,9;-2103,8;0
ND-13647;Pagado;Nota de crédito;16/10/2019;#;RET-FP-72148;31/10/2019;#;Sin asignar;P000872;ECOLOGY COLOMBIA SAS;11/07/2019;170,865;-341,73;0
ND-13648;Pagado;Nota de crédito;16/10/2019;#;RET-FP-72144;31/10/2019;#;Sin asignar;P000872;ECOLOGY COLOMBIA SAS;11/07/2019;63328,65;-126657,3;0
ND-13649;Pagado;Nota de crédito;16/10/2019;#;RET-FP-72145;31/10/2019;#;Sin asignar;P000872;ECOLOGY COLOMBIA SAS;11/07/2019;3214,4;-6428,8;0
ND-13650;Pagado;Nota de crédito;16/10/2019;#;RET-FP-72146;16/10/2019;#;Sin asignar;P000872;ECOLOGY COLOMBIA SAS;11/07/2019;1841,28;-3682,56;0
ND-13654;Pagado;Nota de crédito;31/10/2019;#;RET-FP-72156;31/10/2019;#;Sin asignar;P000872;ECOLOGY COLOMBIA SAS;11/07/2019;1212,98;-2425,96;0
ND-13655;Pagado;Nota de crédito;31/10/2019;#;RET-FP-72158;31/10/2019;#;Sin asignar;P000872;ECOLOGY COLOMBIA SAS;11/07/2019;246,805;-493,61;0
ND-13663;Pagado;Nota de crédito;31/10/2019;#;RET-FP-72149;31/10/2019;#;Sin asignar;P000872;ECOLOGY COLOMBIA SAS;11/07/2019;3647,84;-7295,68;0
ND-13664;Pagado;Nota de crédito;31/10/2019;#;RET-FP-72152;31/10/2019;#;Sin asignar;P000872;ECOLOGY COLOMBIA SAS;11/07/2019;69396,1;-138792,2;0
ND-13665;Pagado;Nota de crédito;31/10/2019;#;RET-FP-72155;31/10/2019;#;Sin asignar;P000872;ECOLOGY COLOMBIA SAS;11/07/2019;1638,5;-3277;0
ND-13666;Pagado;Nota de crédito;31/10/2019;#;RET-FP-72161;31/10/2019;#;Sin asignar;P000872;ECOLOGY COLOMBIA SAS;11/07/2019;3387,17;-6774,34;0
ND-13991;Pagado;Nota de crédito;30/11/2019;#;RET-FP-74125;30/11/2019;#;Sin asignar;P000872;ECOLOGY COLOMBIA SAS;12/11/2019;246,83;-493,66;0
ND-13992;Pagado;Nota de crédito;20/11/2019;#;RET-FP-74130;30/11/2019;#;Sin asignar;P000872;ECOLOGY COLOMBIA SAS;12/12/2019;958,96;-1917,92;0
ND-13993;Pagado;Nota de crédito;20/11/2019;#;RET-FP-74131;30/11/2019;#;Sin asignar;P000872;ECOLOGY COLOMBIA SAS;12/12/2019;208,835;-417,67;0
ND-13994;Pagado;Nota de crédito;20/11/2019;#;RET-FP-74128;30/11/2019;#;Sin asignar;P000872;ECOLOGY COLOMBIA SAS;12/12/2019;2868,3;-5736,6;0
ND-13995;Pagado;Nota de crédito;20/11/2019;#;RET-FP-74129;30/11/2019;#;Sin asignar;P000872;ECOLOGY COLOMBIA SAS;12/12/2019;2370,465;-4740,93;0
ND-13996;Pagado;Nota de crédito;30/11/2019;#;RET-FP-74122;30/11/2019;#;Sin asignar;P000872;ECOLOGY COLOMBIA SAS;12/12/2019;61991,76;-123983,52;0
ND-13997;Pagado;Nota de crédito;30/11/2019;#;RET-FP-74123;30/11/2019;#;Sin asignar;P000872;ECOLOGY COLOMBIA SAS;12/12/2019;3389,425;-6778,85;0
ND-13998;Pagado;Nota de crédito;30/11/2019;#;RET-FP-74124;30/11/2019;#;Sin asignar;P000872;ECOLOGY COLOMBIA SAS;12/12/2019;1645,1;-3290,2;0
ND-13999;Pagado;Nota de crédito;30/11/2019;#;RET-FP-74126;30/11/2019;#;Sin asignar;P000872;ECOLOGY COLOMBIA SAS;12/12/2019;3386,88;-6773,76;0
ND-14000;Pagado;Nota de crédito;20/11/2019;#;RET-FP-74127;30/11/2019;#;Sin asignar;P000872;ECOLOGY COLOMBIA SAS;12/12/2019;50747,16;-101494,32;0
ND-14268;Pagado;Nota de crédito;30/11/2019;#;RET-FP-74412;30/11/2019;#;Sin asignar;P000872;ECOLOGY COLOMBIA SAS;12/16/2019;1050,91;-2101,82;0
ND-14359;Pagado;Nota de crédito;27/12/2019;#;RET-FP-74656;31/12/2019;#;Sin asignar;P000872;ECOLOGY COLOMBIA SAS;01/08/2020;2207,065;-4414,13;0
ND-14360;Pagado;Nota de crédito;27/12/2019;#;RET-FP-74657;31/12/2019;#;Sin asignar;P000872;ECOLOGY COLOMBIA SAS;01/08/2020;906,455;-1812,91;0
ND-14361;Pagado;Nota de crédito;27/12/2019;#;RET-FP-74658;31/12/2019;#;Sin asignar;P000872;ECOLOGY COLOMBIA SAS;01/08/2020;783,81;-1567,62;0
ND-14363;Pagado;Nota de crédito;16/12/2019;#;RET-FP-74661;31/12/2019;#;Sin asignar;P000872;ECOLOGY COLOMBIA SAS;01/08/2020;189,85;-379,7;0
ND-14369;Pagado;Nota de crédito;27/12/2019;#;RET-FP-74655;31/12/2019;#;Sin asignar;P000872;ECOLOGY COLOMBIA SAS;01/08/2020;45103,29;-90206,58;0
ND-14370;Pagado;Nota de crédito;27/12/2019;#;RET-FP-74659;31/12/2019;#;Sin asignar;P000872;ECOLOGY COLOMBIA SAS;01/08/2020;3386,88;-6773,76;0
ND-14371;Pagado;Nota de crédito;16/12/2019;#;RET-FP-74660;31/12/2019;#;Sin asignar;P000872;ECOLOGY COLOMBIA SAS;01/08/2020;66135,49;-132270,98;0
ND-14409;Pagado;Nota de crédito;27/12/2019;#;RET-FP-74715;31/12/2019;#;Sin asignar;P000872;ECOLOGY COLOMBIA SAS;01/09/2020;151,88;-303,76;0
ND-14410;Pagado;Nota de crédito;16/12/2019;#;RET-FP-74716;31/12/2019;#;Sin asignar;P000872;ECOLOGY COLOMBIA SAS;01/09/2020;1483,99;-2967,98;0
ND-14411;Pagado;Nota de crédito;16/12/2019;#;RET-FP-74717;31/12/2019;#;Sin asignar;P000872;ECOLOGY COLOMBIA SAS;01/09/2020;2877,095;-5754,19;0
ND-9599;Pagado;Nota de crédito;31/1/2019;#;RET-FP-52466;31/1/2019;#;Sin asignar;P000872;ECOLOGY COLOMBIA SAS;02/14/2019;96574,56;-193149,12;0
ND-9788;Pagado;Nota de crédito;3/2/2019;#;RET-FP-52693;3/2/2019;#;Sin asignar;P000872;ECOLOGY COLOMBIA SAS;03/04/2019;79724,4;-159448,8;0
ND-9789;Pagado;Nota de crédito;18/2/2019;#;RET-FP-52694;28/2/2019;#;Sin asignar;P000872;ECOLOGY COLOMBIA SAS;03/05/2019;91840,63;-183681,26;0
ND-9920;Pagado;Nota de crédito;28/2/2019;#;RET-FP-52847;28/2/2019;#;Sin asignar;P000872;ECOLOGY COLOMBIA SAS;03/11/2019;72704,975;-145409,95;0
FP-80173;Pagado;Factura;16/1/2020;#;14;31/1/2020;18929;Finalizado;P000872;ECOLOGY COLOMBIA SAS;02/12/2020;96630,24701195219;24254192;0
FP-80174;Pagado;Factura;16/1/2020;#;15;31/1/2020;18928;Finalizado;P000872;ECOLOGY COLOMBIA SAS;02/12/2020;30801,04133333333;1386046,86;0
FP-80175;Pagado;Factura;16/1/2020;#;16;31/1/2020;18931;Finalizado;P000872;ECOLOGY COLOMBIA SAS;02/12/2020;15669,54739726027;1143876,96;0
FP-80180;Pagado;Factura;31/1/2020;#;20;31/1/2020;18950;Finalizado;P000872;ECOLOGY COLOMBIA SAS;02/13/2020;114082,7171314741;28634762;0
FP-80216;Pagado;Factura;31/1/2020;#;26;31/1/2020;18970;Finalizado;P000872;ECOLOGY COLOMBIA SAS;02/14/2020;6244,213438735178;1579786;0
FP-80217;Pagado;Factura;31/1/2020;#;25;31/1/2020;18969;Finalizado;P000872;ECOLOGY COLOMBIA SAS;02/14/2020;4261,255185185185;115053,89;0
FP-80218;Pagado;Factura;31/1/2020;#;23;31/1/2020;18953;Finalizado;P000872;ECOLOGY COLOMBIA SAS;02/14/2020;15003,81018867925;795201,94;0
FP-80219;Pagado;Factura;31/12/2019;#;24;31/1/2020;18956;Finalizado;P000872;ECOLOGY COLOMBIA SAS;02/14/2020;18980,40407407407;512470,91;0
FP-80272;Pagado;Factura;31/1/2020;#;22;31/1/2020;19132;Finalizado;P000872;ECOLOGY COLOMBIA SAS;02/14/2020;29817,41132075472;1580322,8;0
FP-80273;Pagado;Factura;7/1/2020;#;2;31/1/2020;19119;Finalizado;P000872;ECOLOGY COLOMBIA SAS;02/14/2020;29421,1619123506;7384711,64;0
FP-80278;Pagado;Factura;7/1/2020;#;3;7/1/2020;19120;Finalizado;P000872;ECOLOGY COLOMBIA SAS;02/14/2020;28224,17647058824;479811;0
FP-80279;Pagado;Factura;7/1/2020;#;4;31/1/2020;19131;Finalizado;P000872;ECOLOGY COLOMBIA SAS;02/14/2020;14460,99523809524;303680,9;0
FP-80280;Pagado;Factura;7/1/2020;#;5;31/1/2020;19117;Finalizado;P000872;ECOLOGY COLOMBIA SAS;02/14/2020;18148,55555555556;163337;0
FP-80281;Pagado;Factura;7/1/2020;#;6;31/1/2020;19116;Finalizado;P000872;ECOLOGY COLOMBIA SAS;02/14/2020;2950;8850;0
FP-80315;Pagado;Factura;20/1/2020;#;11;31/1/2020;19159;Finalizado;P000872;ECOLOGY COLOMBIA SAS;02/15/2020;15288,31578947368;290478;0
FP-80316;Pagado;Factura;9/1/2020;#;10;31/1/2020;19160;Finalizado;P000872;ECOLOGY COLOMBIA SAS;02/15/2020;19440,69565217391;447136;0
FP-82146;Pagado;Factura;14/2/2020;#;36;14/2/2020;18932;Finalizado;P000872;ECOLOGY COLOMBIA SAS;03/10/2020;20179,30434782609;464124;0
FP-82147;Pagado;Factura;17/2/2020;#;39;17/2/2020;19549;Finalizado;P000872;ECOLOGY COLOMBIA SAS;03/10/2020;15084,30509090909;829636,78;0
FP-82148;Pagado;Factura;17/2/2020;#;37;29/2/2020;19548;Finalizado;P000872;ECOLOGY COLOMBIA SAS;03/10/2020;119205,6988030888;30874275,99;0
FP-82149;Pagado;Factura;17/2/2020;#;38;29/2/2020;19550;Finalizado;P000872;ECOLOGY COLOMBIA SAS;03/10/2020;29995,4;1649747;0
FP-82150;Pagado;Factura;17/2/2020;#;40;17/2/2020;19551;Finalizado;P000872;ECOLOGY COLOMBIA SAS;03/10/2020;19529,47347826087;449177,89;0
FP-82151;Pagado;Factura;12/2/2020;#;41;29/2/2020;19553;Finalizado;P000872;ECOLOGY COLOMBIA SAS;03/10/2020;4272,547586206897;123903,88;0
FP-82172;Pagado;Factura;29/2/2020;#;60;29/2/2020;19625;Finalizado;P000872;ECOLOGY COLOMBIA SAS;03/10/2020;4435,103448275862;128618;0
FP-82173;Pagado;Factura;29/2/2020;#;55;29/2/2020;19552;Finalizado;P000872;ECOLOGY COLOMBIA SAS;03/10/2020;111076,6400772201;28768849,78;0
FP-82175;Pagado;Factura;29/2/2020;#;61;29/2/2020;19624;Finalizado;P000872;ECOLOGY COLOMBIA SAS;03/10/2020;6481,482924901186;1639815,18;0
FP-82178;Pagado;Factura;29/2/2020;#;56;29/2/2020;19617;Finalizado;P000872;ECOLOGY COLOMBIA SAS;03/10/2020;30911,43463414634;1267368,82;0
FP-82179;Pagado;Factura;29/2/2020;#;57;29/2/2020;19619;Finalizado;P000872;ECOLOGY COLOMBIA SAS;03/10/2020;15808,75675675676;584924;0
FP-82180;Pagado;Factura;29/2/2020;#;58;29/2/2020;19621;Finalizado;P000872;ECOLOGY COLOMBIA SAS;03/10/2020;20345,1152;508627,88;0
FP-82189;Pagado;Factura;29/2/2020;#;54;29/2/2020;19647;Finalizado;P000872;ECOLOGY COLOMBIA SAS;03/11/2020;4972,254633204633;1287813,95;0
FP-84163;Pagado;Factura;31/3/2020;#;77;31/3/2020;19944;Finalizado;P000872;ECOLOGY COLOMBIA SAS;04/15/2020;47780,12280632411;12088371,07;0
FP-84165;Pagado;Factura;31/3/2020;#;81;31/3/2020;19950;Finalizado;P000872;ECOLOGY COLOMBIA SAS;04/15/2020;4240,153846153846;55122;0
FP-84166;Pagado;Factura;31/3/2020;#;80;31/3/2020;19948;Finalizado;P000872;ECOLOGY COLOMBIA SAS;04/15/2020;19696,93764705882;334847,94;0
FP-84167;Pagado;Factura;31/3/2020;#;79;31/3/2020;19947;Finalizado;P000872;ECOLOGY COLOMBIA SAS;04/15/2020;15833,10638297872;744156;0
FP-84168;Pagado;Factura;31/3/2020;#;78;31/3/2020;19946;Finalizado;P000872;ECOLOGY COLOMBIA SAS;04/15/2020;30634,11636363636;1010925,84;0
FP-84218;Pagado;Factura;16/3/2020;#;68;31/3/2020;19961;Finalizado;P000872;ECOLOGY COLOMBIA SAS;04/17/2020;116447,2642687747;29461157,86;0
FP-84222;Pagado;Factura;16/3/2020;#;70;31/3/2020;19963;Finalizado;P000872;ECOLOGY COLOMBIA SAS;04/17/2020;15539,326;854662,93;0
FP-84223;Pagado;Factura;16/3/2020;#;71;31/3/2020;19962;Finalizado;P000872;ECOLOGY COLOMBIA SAS;04/17/2020;20345,1152;508627,88;0
FP-84224;Pagado;Factura;16/3/2020;#;74;31/3/2020;19960;Finalizado;P000872;ECOLOGY COLOMBIA SAS;04/17/2020;31036,68422222222;1396650,79;0
FP-84225;Pagado;Factura;16/3/2020;#;75;31/3/2020;19958;Finalizado;P000872;ECOLOGY COLOMBIA SAS;04/17/2020;4393,782608695652;101057;0
FP-84275;Pagado;Factura;31/3/2020;#;82;31/3/2020;19945;Finalizado;P000872;ECOLOGY COLOMBIA SAS;04/20/2020;9722,233833992095;2459725,16;0
FP-86455;Pagado;Factura;16/4/2020;#;90;30/4/2020;20063;Finalizado;P000872;ECOLOGY COLOMBIA SAS;05/12/2020;15814,68888888889;711661;0
FP-86456;Pagado;Factura;30/4/2020;#;107;30/4/2020;20066;Finalizado;P000872;ECOLOGY COLOMBIA SAS;05/12/2020;25357,98824742268;2459724,86;0
FP-86457;Pagado;Factura;30/4/2020;#;106;30/4/2020;20065;Finalizado;P000872;ECOLOGY COLOMBIA SAS;05/12/2020;15831,25641025641;617419;0
FP-86458;Pagado;Factura;16/4/2020;#;88;30/4/2020;20062;Finalizado;P000872;ECOLOGY COLOMBIA SAS;05/12/2020;40572,27051546392;3935510,24;0
FP-86459;Pagado;Factura;30/4/2020;#;105;30/4/2020;20064;Finalizado;P000872;ECOLOGY COLOMBIA SAS;05/12/2020;41765,6581443299;4051268,84;0
FP-88121;Pagado;Factura;18/5/2020;#;124;31/5/2020;20187;Finalizado;P000872;ECOLOGY COLOMBIA SAS;06/11/2020;5432,062041884817;1037523,85;0
FP-88122;Pagado;Factura;18/5/2020;#;122;31/5/2020;20186;Finalizado;P000872;ECOLOGY COLOMBIA SAS;06/11/2020;15831,25641025641;617419;0
FP-88123;Pagado;Factura;18/5/2020;#;123;18/5/2020;20185;Finalizado;P000872;ECOLOGY COLOMBIA SAS;06/11/2020;8585,415706806283;1639814,4;0
FP-88124;Pagado;Factura;18/5/2020;#;121;31/5/2020;20184;Finalizado;P000872;ECOLOGY COLOMBIA SAS;06/11/2020;62225,7645026178;11885121,02;0
FP-88125;Pagado;Factura;30/5/2020;#;140;31/5/2020;20157;Finalizado;P000872;ECOLOGY COLOMBIA SAS;06/11/2020;15833,10638297872;744156;0
FP-88126;Pagado;Factura;30/5/2020;#;141;31/5/2020;20158;Finalizado;P000872;ECOLOGY COLOMBIA SAS;06/11/2020;8585,415706806283;1639814,4;0
FP-88127;Pagado;Factura;30/5/2020;#;139;31/5/2020;20156;Finalizado;P000872;ECOLOGY COLOMBIA SAS;06/11/2020;87262,11272251309;16667063,53;0
FP-89006;Pagado;Factura;17/6/2020;#;157;17/6/2020;20363;Finalizado;P000872;ECOLOGY COLOMBIA SAS;07/10/2020;92766,66390243902;19017166,1;0
FP-89007;Pagado;Factura;30/6/2020;#;753;30/6/2020;20348;Finalizado;P000872;ECOLOGY COLOMBIA SAS;07/10/2020;74694,77229268293;15312428,32;0
FP-89008;Pagado;Factura;30/6/2020;#;754;30/6/2020;20349;Finalizado;P000872;ECOLOGY COLOMBIA SAS;07/10/2020;15319,91428571429;536197;0
FP-89009;Pagado;Factura;30/6/2020;#;756;30/6/2020;20347;Finalizado;P000872;ECOLOGY COLOMBIA SAS;07/10/2020;8585,415706806283;1639814,4;0
FP-89010;Pagado;Factura;30/6/2020;#;755;30/6/2020;20350;Finalizado;P000872;ECOLOGY COLOMBIA SAS;07/10/2020;10013,91375609756;2052852,32;0
FP-89011;Pagado;Factura;17/6/2020;#;158;30/6/2020;20364;Finalizado;P000872;ECOLOGY COLOMBIA SAS;07/11/2020;14824,99564102564;578174,83;0
FP-89012;Pagado;Factura;17/6/2020;#;161;17/6/2020;20365;Finalizado;P000872;ECOLOGY COLOMBIA SAS;07/11/2020;11512,53697560976;2360070,08;0
FP-89014;Pagado;Factura;17/6/2020;#;159;17/6/2020;20361;Finalizado;P000872;ECOLOGY COLOMBIA SAS;07/11/2020;8585,415706806283;1639814,4;0
FP-91295;Pagado;Factura;17/7/2020;#;199;31/7/2020;20469;Finalizado;P000872;ECOLOGY COLOMBIA SAS;08/03/2020;13057,85480225989;2311240,3;0
FP-91298;Pagado;Factura;17/7/2020;#;200;31/7/2020;20473;Finalizado;P000872;ECOLOGY COLOMBIA SAS;08/04/2020;9264,49966101695;1639816,44;0
FP-91299;Pagado;Factura;17/7/2020;#;198;31/7/2020;20472;Finalizado;P000872;ECOLOGY COLOMBIA SAS;08/04/2020;15833,10638297872;744156;0
FP-91300;Pagado;Factura;17/7/2020;#;197;31/7/2020;20468;Finalizado;P000872;ECOLOGY COLOMBIA SAS;08/04/2020;101246,7693220339;17920678,17;0
FP-92465;Pagado;Factura;30/7/2020;#;243;31/7/2020;20604;Finalizado;P000872;ECOLOGY COLOMBIA SAS;08/11/2020;15719,04651162791;675919;0
FP-92466;Pagado;Factura;31/7/2020;#;244;31/7/2020;20605;Finalizado;P000872;ECOLOGY COLOMBIA SAS;08/11/2020;7771,637914691943;1639815,6;0
FP-92467;Pagado;Factura;31/7/2020;#;246;31/7/2020;20603;Finalizado;P000872;ECOLOGY COLOMBIA SAS;08/11/2020;10211,28156398104;2154580,41;0
FP-92468;Pagado;Factura;30/7/2020;#;242;31/7/2020;20602;Finalizado;P000872;ECOLOGY COLOMBIA SAS;08/11/2020;77739,40654028436;16403014,78;0
FP-93449;Pagado;Factura;31/8/2020;#;316;31/8/2020;20900;Finalizado;P000872;ECOLOGY COLOMBIA SAS;09/08/2020;96222,95367149758;19918151,41;0
FP-93450;Pagado;Factura;31/8/2020;#;317;31/8/2020;20902;Finalizado;P000872;ECOLOGY COLOMBIA SAS;09/08/2020;15282,32540540541;565446,04;0
FP-93451;Pagado;Factura;31/8/2020;#;319;31/8/2020;20901;Finalizado;P000872;ECOLOGY COLOMBIA SAS;09/08/2020;11263,70130434783;2331586,17;0
FP-93453;Pagado;Factura;18/8/2020;#;268;31/8/2020;20897;Finalizado;P000872;ECOLOGY COLOMBIA SAS;09/08/2020;10723,12560386473;2219687;0
FP-93454;Pagado;Factura;18/8/2020;#;265;31/8/2020;20896;Finalizado;P000872;ECOLOGY COLOMBIA SAS;09/08/2020;90320,76608695652;18696398,58;0
FP-93514;Pagado;Factura;31/8/2020;#;318;31/8/2020;20899;Finalizado;P000872;ECOLOGY COLOMBIA SAS;09/10/2020;7921,821256038647;1639817;0
FP-93516;Pagado;Factura;18/8/2020;#;267;31/8/2020;20898;Finalizado;P000872;ECOLOGY COLOMBIA SAS;09/10/2020;7921,81961352657;1639816,66;0
FP-93519;Pagado;Factura;18/8/2020;#;266;31/8/2020;20908;Finalizado;P000872;ECOLOGY COLOMBIA SAS;09/10/2020;15738,35294117647;802656;0
FP-94528;Pagado;Factura;30/9/2020;#;MS 411;30/9/2020;21365;Finalizado;P000872;ECOLOGY COLOMBIA SAS;10/13/2020;7288,068088888889;1639815,32;0
FP-94529;Pagado;Factura;17/9/2020;#;MS 368;30/9/2020;21367;Finalizado;P000872;ECOLOGY COLOMBIA SAS;10/13/2020;7288,068088888889;1639815,32;0
FP-94530;Pagado;Factura;30/9/2020;#;MS 413;30/9/2020;21363;Finalizado;P000872;ECOLOGY COLOMBIA SAS;10/13/2020;11498,34275555556;2587127,12;0
FP-94531;Pagado;Factura;30/9/2020;#;MS 410;30/9/2020;21364;Finalizado;P000872;ECOLOGY COLOMBIA SAS;10/13/2020;15492,55813953488;666180;0
FP-94532;Pagado;Factura;17/9/2020;#;MS 367;30/9/2020;21366;Finalizado;P000872;ECOLOGY COLOMBIA SAS;10/13/2020;15266,09302325581;656442;0
FP-94533;Pagado;Factura;17/9/2020;#;MS 369;30/9/2020;21369;Finalizado;P000872;ECOLOGY COLOMBIA SAS;10/13/2020;11556,20573333333;2600146,29;0
FP-94534;Pagado;Factura;17/9/2020;#;MS 366;30/9/2020;21368;Finalizado;P000872;ECOLOGY COLOMBIA SAS;10/13/2020;104664,4109333333;23549492,46;0
FP-94535;Pagado;Factura;30/9/2020;#;MS 409;30/9/2020;21362;Finalizado;P000872;ECOLOGY COLOMBIA SAS;10/13/2020;89139,97257777778;20056493,83;0
FP-95572;Pagado;Factura;31/10/2020;#;506;31/10/2020;21818;Finalizado;P000872;ECOLOGY COLOMBIA SAS;11/06/2020;11220,81155844156;2592007,47;0
FP-95573;Pagado;Factura;31/10/2020;#;503;31/10/2020;21816;Finalizado;P000872;ECOLOGY COLOMBIA SAS;11/06/2020;92987,01593073593;21480000,68;0
FP-95574;Pagado;Factura;16/10/2020;#;449;31/10/2020;21791;Finalizado;P000872;ECOLOGY COLOMBIA SAS;11/06/2020;90067,6967965368;20805637,96;0
FP-95575;Pagado;Factura;31/10/2020;#;505;31/10/2020;21792;Finalizado;P000872;ECOLOGY COLOMBIA SAS;11/06/2020;7288,068088888889;1639815,32;0
FP-95576;Pagado;Factura;16/10/2020;#;451;31/10/2020;21764;Finalizado;P000872;ECOLOGY COLOMBIA SAS;11/06/2020;7288,068088888889;1639815,32;0
FP-95577;Pagado;Factura;16/10/2020;#;452;31/10/2020;21790;Finalizado;P000872;ECOLOGY COLOMBIA SAS;11/06/2020;10348,86134199134;2390586,97;0
FP-95583;Pagado;Factura;16/10/2020;#;450;31/10/2020;21841;Finalizado;P000872;ECOLOGY COLOMBIA SAS;11/09/2020;15614,07317073171;640177;0
FP-95687;Pagado;Factura;31/10/2020;#;504;31/10/2020;21905;Finalizado;P000872;ECOLOGY COLOMBIA SAS;11/12/2020;15059,85365853659;617454;0
FP-96718;Pagado;Factura;17/11/2020;#;MS547;30/11/2020;22258;Finalizado;P000872;ECOLOGY COLOMBIA SAS;12/10/2020;7288,068088888889;1639815,32;0
FP-96719;Pagado;Factura;30/11/2020;#;MS602;30/11/2020;22259;Finalizado;P000872;ECOLOGY COLOMBIA SAS;12/10/2020;7288,068088888889;1639815,32;0
FP-96720;Pagado;Factura;30/11/2020;#;MS601;30/11/2020;22261;Finalizado;P000872;ECOLOGY COLOMBIA SAS;12/10/2020;15494,89710144928;1069147,9;0
FP-96721;Pagado;Factura;30/11/2020;#;MS603;30/11/2020;22262;Finalizado;P000872;ECOLOGY COLOMBIA SAS;12/10/2020;11194,34188841202;2608281,66;0
FP-96723;Pagado;Factura;17/11/2020;#;MS545;30/11/2020;22263;Finalizado;P000872;ECOLOGY COLOMBIA SAS;12/10/2020;88105,15291845494;20528500,63;0
FP-96724;Pagado;Factura;30/11/2020;#;MS600;30/11/2020;22266;Finalizado;P000872;ECOLOGY COLOMBIA SAS;12/11/2020;95641,54;22284478,82;0
FP-96823;Pagado;Factura;17/11/2020;#;MS548;30/11/2020;22264;Finalizado;P000872;ECOLOGY COLOMBIA SAS;12/15/2020;10373,54751072961;2417036,57;0
FP-96861;Pagado;Factura;17/11/2020;#;MS546;30/11/2020;22398;Finalizado;P000872;ECOLOGY COLOMBIA SAS;12/17/2020;15621,1298245614;890404,4;0
FP-98318;Pagado;Factura;16/12/2020;#;647;31/12/2020;22642;Finalizado;P000872;ECOLOGY COLOMBIA SAS;01/06/2021;10373,54961373391;2417037,06;0
FP-98319;Pagado;Factura;16/12/2020;#;MS 646;31/12/2020;22636;Finalizado;P000872;ECOLOGY COLOMBIA SAS;01/06/2021;7288,068088888889;1639815,32;0
FP-98320;Pagado;Factura;16/12/2020;#;MS 644;31/12/2020;22641;Finalizado;P000872;ECOLOGY COLOMBIA SAS;01/06/2021;27248,85285714286;190741,97;0
FP-98321;Pagado;Factura;16/12/2020;#;MS 645;31/12/2020;22644;Finalizado;P000872;ECOLOGY COLOMBIA SAS;01/06/2021;15423,96895522388;1033405,92;0
FP-98322;Pagado;Factura;16/12/2020;#;MS 643;31/12/2020;22640;Finalizado;P000872;ECOLOGY COLOMBIA SAS;01/06/2021;90121,63789699571;20998341,63;0
FP-98352;Pagado;Factura;30/12/2020;#;MS 687;31/12/2020;22689;Finalizado;P000872;ECOLOGY COLOMBIA SAS;01/07/2021;90625,64025751073;21115774,18;0
FP-98353;Pagado;Factura;30/12/2020;#;690;31/12/2020;22687;Finalizado;P000872;ECOLOGY COLOMBIA SAS;01/07/2021;7288,068088888889;1639815,32;0
FP-98354;Pagado;Factura;30/12/2020;#;MS 688;31/12/2020;22688;Finalizado;P000872;ECOLOGY COLOMBIA SAS;01/07/2021;21193,66666666667;63581;0
FP-98355;Pagado;Factura;30/12/2020;#;MS 689;31/12/2020;22691;Finalizado;P000872;ECOLOGY COLOMBIA SAS;01/07/2021;15569,31626865672;1043144,19;0
FP-98356;Pagado;Factura;30/12/2020;#;MS 691;31/12/2020;22690;Finalizado;P000872;ECOLOGY COLOMBIA SAS;01/07/2021;10391,01193133047;2421105,78;0
ND-14765;Pagado;Nota de crédito;16/1/2020;#;RET-FP-80173;31/1/2020;#;Sin asignar;P000872;ECOLOGY COLOMBIA SAS;02/12/2020;52019,35;-104038,7;0
ND-14766;Pagado;Nota de crédito;16/1/2020;#;RET-FP-80174;31/1/2020;#;Sin asignar;P000872;ECOLOGY COLOMBIA SAS;02/12/2020;2972,81;-5945,62;0
ND-14767;Pagado;Nota de crédito;16/1/2020;#;RET-FP-80175;31/1/2020;#;Sin asignar;P000872;ECOLOGY COLOMBIA SAS;02/12/2020;2453,3;-4906,6;0
ND-14774;Pagado;Nota de crédito;31/1/2020;#;RET-FP-80180;31/1/2020;#;Sin asignar;P000872;ECOLOGY COLOMBIA SAS;02/14/2020;61414,745;-122829,49;0
ND-14806;Pagado;Nota de crédito;31/1/2020;#;RET-FP-80217;31/1/2020;#;Sin asignar;P000872;ECOLOGY COLOMBIA SAS;02/14/2020;246,805;-493,61;0
ND-14807;Pagado;Nota de crédito;31/12/2019;#;RET-FP-80219;31/1/2020;#;Sin asignar;P000872;ECOLOGY COLOMBIA SAS;02/14/2020;1099,12;-2198,24;0
ND-14808;Pagado;Nota de crédito;31/1/2020;#;RET-FP-80216;31/1/2020;#;Sin asignar;P000872;ECOLOGY COLOMBIA SAS;02/14/2020;5644,8;-5644,8;0
ND-14809;Pagado;Nota de crédito;31/1/2020;#;RET-FP-80218;31/1/2020;#;Sin asignar;P000872;ECOLOGY COLOMBIA SAS;02/14/2020;1705,54;-3411,08;0
ND-14853;Pagado;Nota de crédito;7/1/2020;#;RET-FP-80278;7/1/2020;#;Sin asignar;P000872;ECOLOGY COLOMBIA SAS;02/14/2020;1029,1;-2058,2;0
ND-14854;Pagado;Nota de crédito;7/1/2020;#;RET-FP-80279;31/1/2020;#;Sin asignar;P000872;ECOLOGY COLOMBIA SAS;02/14/2020;651,335;-1302,67;0
ND-14855;Pagado;Nota de crédito;7/1/2020;#;RET-FP-80280;31/1/2020;#;Sin asignar;P000872;ECOLOGY COLOMBIA SAS;02/14/2020;350,32;-700,64;0
ND-14856;Pagado;Nota de crédito;7/1/2020;#;RET-FP-80281;31/1/2020;#;Sin asignar;P000872;ECOLOGY COLOMBIA SAS;02/14/2020;18,985;-37,97;0
ND-14887;Pagado;Nota de crédito;20/1/2020;#;RET-FP-80315;31/1/2020;#;Sin asignar;P000872;ECOLOGY COLOMBIA SAS;02/15/2020;622,985;-1245,97;0
ND-14888;Pagado;Nota de crédito;9/1/2020;#;RET-FP-80316;31/1/2020;#;Sin asignar;P000872;ECOLOGY COLOMBIA SAS;02/15/2020;959,01;-1918,02;0
ND-14894;Pagado;Nota de crédito;31/1/2020;#;RET-FP-80272;31/1/2020;#;Sin asignar;P000872;ECOLOGY COLOMBIA SAS;02/15/2020;3389,44;-6778,88;0
ND-14895;Pagado;Nota de crédito;7/1/2020;#;RET-FP-80273;31/1/2020;#;Sin asignar;P000872;ECOLOGY COLOMBIA SAS;02/15/2020;15838,81;-31677,62;0
ND-15027;Pagado;Nota de crédito;14/2/2020;#;RET-FP-82146;14/2/2020;#;Sin asignar;P000872;ECOLOGY COLOMBIA SAS;03/10/2020;995,4;-1990,8;0
ND-15028;Pagado;Nota de crédito;17/2/2020;#;RET-FP-82150;17/2/2020;#;Sin asignar;P000872;ECOLOGY COLOMBIA SAS;03/10/2020;963,38;-1926,76;0
ND-15029;Pagado;Nota de crédito;12/2/2020;#;RET-FP-82151;29/2/2020;#;Sin asignar;P000872;ECOLOGY COLOMBIA SAS;03/10/2020;265,79;-531,58;0
ND-15038;Pagado;Nota de crédito;17/2/2020;#;RET-FP-82147;17/2/2020;#;Sin asignar;P000872;ECOLOGY COLOMBIA SAS;03/10/2020;1779,39;-3558,78;0
ND-15039;Pagado;Nota de crédito;17/2/2020;#;RET-FP-82148;29/2/2020;#;Sin asignar;P000872;ECOLOGY COLOMBIA SAS;03/10/2020;66218,325;-132436,65;0
ND-15040;Pagado;Nota de crédito;17/2/2020;#;RET-FP-82149;29/2/2020;#;Sin asignar;P000872;ECOLOGY COLOMBIA SAS;03/10/2020;3538,365;-7076,73;0
ND-15051;Pagado;Nota de crédito;29/2/2020;#;RET-FP-82172;29/2/2020;#;Sin asignar;P000872;ECOLOGY COLOMBIA SAS;03/10/2020;275,87;-551,74;0
ND-15056;Pagado;Nota de crédito;29/2/2020;#;RET-FP-82173;29/2/2020;#;Sin asignar;P000872;ECOLOGY COLOMBIA SAS;03/10/2020;61702,35;-123404,7;0
ND-15057;Pagado;Nota de crédito;29/2/2020;#;RET-FP-82175;29/2/2020;#;Sin asignar;P000872;ECOLOGY COLOMBIA SAS;03/10/2020;3516,66;-7033,32;0
ND-15058;Pagado;Nota de crédito;29/2/2020;#;RET-FP-82180;29/2/2020;#;Sin asignar;P000872;ECOLOGY COLOMBIA SAS;03/10/2020;1090,86;-2181,72;0
ND-15059;Pagado;Nota de crédito;29/2/2020;#;RET-FP-82178;29/2/2020;#;Sin asignar;P000872;ECOLOGY COLOMBIA SAS;03/10/2020;2718,3;-5436,6;0
ND-15060;Pagado;Nota de crédito;29/2/2020;#;RET-FP-82179;29/2/2020;#;Sin asignar;P000872;ECOLOGY COLOMBIA SAS;03/10/2020;1254,51;-2509,02;0
ND-15073;Pagado;Nota de crédito;29/2/2020;#;RET-FP-82189;29/2/2020;#;Sin asignar;P000872;ECOLOGY COLOMBIA SAS;03/11/2020;2762,535;-5525,07;0
ND-15455;Pagado;Nota de crédito;31/3/2020;#;RET-FP-84165;31/3/2020;#;Sin asignar;P000872;ECOLOGY COLOMBIA SAS;04/15/2020;118,23;-236,46;0
ND-15456;Pagado;Nota de crédito;31/3/2020;#;RET-FP-84166;31/3/2020;#;Sin asignar;P000872;ECOLOGY COLOMBIA SAS;04/15/2020;718,16;-1436,32;0
ND-15457;Pagado;Nota de crédito;31/3/2020;#;RET-FP-84168;31/3/2020;#;Sin asignar;P000872;ECOLOGY COLOMBIA SAS;04/15/2020;2168,255;-4336,51;0
ND-15468;Pagado;Nota de crédito;31/3/2020;#;RET-FP-84163;31/3/2020;#;Sin asignar;P000872;ECOLOGY COLOMBIA SAS;04/15/2020;25926,75;-51853,5;0
ND-15470;Pagado;Nota de crédito;31/3/2020;#;RET-FP-84167;31/3/2020;#;Sin asignar;P000872;ECOLOGY COLOMBIA SAS;04/15/2020;1596,025;-3192,05;0
ND-15510;Pagado;Nota de crédito;16/3/2020;#;RET-FP-84223;31/3/2020;#;Sin asignar;P000872;ECOLOGY COLOMBIA SAS;04/17/2020;1090,86;-2181,72;0
ND-15511;Pagado;Nota de crédito;16/3/2020;#;RET-FP-84225;31/3/2020;#;Sin asignar;P000872;ECOLOGY COLOMBIA SAS;04/17/2020;216,755;-433,51;0
ND-15514;Pagado;Nota de crédito;16/3/2020;#;RET-FP-84218;31/3/2020;#;Sin asignar;P000872;ECOLOGY COLOMBIA SAS;04/17/2020;63187,55;-126375,1;0
ND-15515;Pagado;Nota de crédito;16/3/2020;#;RET-FP-84222;1/4/2020;#;Sin asignar;P000872;ECOLOGY COLOMBIA SAS;04/17/2020;1833,01;-3666,02;0
ND-15516;Pagado;Nota de crédito;16/3/2020;#;RET-FP-84224;31/3/2020;#;Sin asignar;P000872;ECOLOGY COLOMBIA SAS;04/17/2020;2995,58;-5991,16;0
ND-15594;Pagado;Nota de crédito;31/3/2020;#;RET-FP-84275;29/5/2020;#;Sin asignar;P000872;ECOLOGY COLOMBIA SAS;05/07/2020;5275,62;-10551,24;0
ND-15614;Pagado;Nota de crédito;16/4/2020;#;RET-FP-86455;30/4/2020;#;Sin asignar;P000872;ECOLOGY COLOMBIA SAS;05/12/2020;1526,33;-3052,66;0
ND-15615;Pagado;Nota de crédito;30/4/2020;#;RET-FP-86456;30/4/2020;#;Sin asignar;P000872;ECOLOGY COLOMBIA SAS;05/12/2020;5275,545;-10551,09;0
ND-15616;Pagado;Nota de crédito;30/4/2020;#;RET-FP-86457;30/4/2020;#;Sin asignar;P000872;ECOLOGY COLOMBIA SAS;05/12/2020;1324,205;-2648,41;0
ND-15617;Pagado;Nota de crédito;16/4/2020;#;RET-FP-86458;30/4/2020;#;Sin asignar;P000872;ECOLOGY COLOMBIA SAS;05/12/2020;8440,735;-16881,47;0
ND-15618;Pagado;Nota de crédito;30/4/2020;#;RET-FP-86459;30/4/2020;#;Sin asignar;P000872;ECOLOGY COLOMBIA SAS;05/12/2020;8688,87;-17377,74;0
ND-15697;Pagado;Nota de crédito;18/5/2020;#;RET-FP-88121;31/5/2020;#;Sin asignar;P000872;ECOLOGY COLOMBIA SAS;06/11/2020;2225,485;-4450,97;0
ND-15698;Pagado;Nota de crédito;18/5/2020;#;RET-FP-88122;31/5/2020;#;Sin asignar;P000872;ECOLOGY COLOMBIA SAS;06/11/2020;1324,205;-2648,41;0
ND-15699;Pagado;Nota de crédito;18/5/2020;#;RET-FP-88123;18/5/2020;#;Sin asignar;P000872;ECOLOGY COLOMBIA SAS;06/11/2020;3516,9;-7033,8;0
ND-15700;Pagado;Nota de crédito;18/5/2020;#;RET-FP-88124;31/5/2020;#;Sin asignar;P000872;ECOLOGY COLOMBIA SAS;06/11/2020;25490,86;-50981,72;0
ND-15701;Pagado;Nota de crédito;30/5/2020;#;RET-FP-88125;31/5/2020;#;Sin asignar;P000872;ECOLOGY COLOMBIA SAS;06/11/2020;1596,025;-3192,05;0
ND-15702;Pagado;Nota de crédito;30/5/2020;#;RET-FP-88126;31/5/2020;#;Sin asignar;P000872;ECOLOGY COLOMBIA SAS;06/11/2020;3516,9;-7033,8;0
ND-15703;Pagado;Nota de crédito;30/5/2020;#;RET-FP-88127;31/5/2020;#;Sin asignar;P000872;ECOLOGY COLOMBIA SAS;06/11/2020;35747,28;-71494,56;0
ND-15847;Pagado;Nota de crédito;17/6/2020;#;RET-FP-89006;17/6/2020;#;Sin asignar;P000872;ECOLOGY COLOMBIA SAS;07/10/2020;40787,76;-81575,52;0
ND-15848;Pagado;Nota de crédito;30/6/2020;#;RET-FP-89007;30/6/2020;#;Sin asignar;P000872;ECOLOGY COLOMBIA SAS;07/10/2020;32841,57;-65683,14;0
ND-15849;Pagado;Nota de crédito;30/6/2020;#;RET-FP-89008;30/6/2020;#;Sin asignar;P000872;ECOLOGY COLOMBIA SAS;07/10/2020;1150,015;-2300,03;0
ND-15856;Pagado;Nota de crédito;17/6/2020;#;RET-FP-89011;30/6/2020;#;Sin asignar;P000872;ECOLOGY COLOMBIA SAS;07/11/2020;1233,725;-2467,45;0
ND-15857;Pagado;Nota de crédito;17/6/2020;#;RET-FP-89012;17/6/2020;#;Sin asignar;P000872;ECOLOGY COLOMBIA SAS;07/11/2020;5061,99;-10123,98;0
ND-15858;Pagado;Nota de crédito;17/6/2020;#;RET-FP-89014;17/6/2020;#;Sin asignar;P000872;ECOLOGY COLOMBIA SAS;07/11/2020;3516,9;-7033,8;0
ND-15859;Pagado;Nota de crédito;30/6/2020;#;RET-FP-89009;30/6/2020;#;Sin asignar;P000872;ECOLOGY COLOMBIA SAS;07/11/2020;5861,5;-5861,5;0
ND-15860;Pagado;Nota de crédito;30/6/2020;#;RET-FP-89010;30/6/2020;#;Sin asignar;P000872;ECOLOGY COLOMBIA SAS;07/11/2020;7337,88;-7337,88;0
ND-15938;Pagado;Nota de crédito;17/7/2020;#;RET-FP-91295;31/7/2020;#;Sin asignar;P000872;ECOLOGY COLOMBIA SAS;08/04/2020;4957,28;-9914,56;0
ND-15939;Pagado;Nota de crédito;17/7/2020;#;RET-FP-91300;31/7/2020;#;Sin asignar;P000872;ECOLOGY COLOMBIA SAS;08/04/2020;38435,945;-76871,89;0
ND-15940;Pagado;Nota de crédito;17/7/2020;#;RET-FP-91298;31/7/2020;#;Sin asignar;P000872;ECOLOGY COLOMBIA SAS;08/04/2020;3516,92;-7033,84;0
ND-15941;Pagado;Nota de crédito;17/7/2020;#;RET-FP-91299;31/7/2020;#;Sin asignar;P000872;ECOLOGY COLOMBIA SAS;08/04/2020;1596,025;-3192,05;0
ND-15998;Pagado;Nota de crédito;30/7/2020;#;RET-FP-92465;31/7/2020;#;Sin asignar;P000872;ECOLOGY COLOMBIA SAS;08/11/2020;1449,675;-2899,35;0
ND-15999;Pagado;Nota de crédito;31/7/2020;#;RET-FP-92466;31/7/2020;#;Sin asignar;P000872;ECOLOGY COLOMBIA SAS;08/11/2020;3517,5;-7035;0
ND-16000;Pagado;Nota de crédito;31/7/2020;#;RET-FP-92467;31/7/2020;#;Sin asignar;P000872;ECOLOGY COLOMBIA SAS;08/11/2020;4620,96;-9241,92;0
ND-16001;Pagado;Nota de crédito;30/7/2020;#;RET-FP-92468;31/7/2020;#;Sin asignar;P000872;ECOLOGY COLOMBIA SAS;08/11/2020;35180,57;-70361,14;0
ND-16109;Pagado;Nota de crédito;31/8/2020;#;RET-FP-93449;31/8/2020;#;Sin asignar;P000872;ECOLOGY COLOMBIA SAS;09/08/2020;42719,83;-85439,66;0
ND-16110;Pagado;Nota de crédito;31/8/2020;#;RET-FP-93450;31/8/2020;#;Sin asignar;P000872;ECOLOGY COLOMBIA SAS;09/08/2020;1212,72;-2425,44;0
ND-16111;Pagado;Nota de crédito;31/8/2020;#;RET-FP-93451;31/8/2020;#;Sin asignar;P000872;ECOLOGY COLOMBIA SAS;09/08/2020;5000,845;-10001,69;0
ND-16113;Pagado;Nota de crédito;18/8/2020;#;RET-FP-93453;31/8/2020;#;Sin asignar;P000872;ECOLOGY COLOMBIA SAS;09/08/2020;4760,58;-9521,16;0
ND-16114;Pagado;Nota de crédito;18/8/2020;#;RET-FP-93454;31/8/2020;#;Sin asignar;P000872;ECOLOGY COLOMBIA SAS;09/08/2020;40099,45;-80198,9;0
ND-16147;Pagado;Nota de crédito;31/8/2020;#;RET-FP-93514;31/8/2020;#;Sin asignar;P000872;ECOLOGY COLOMBIA SAS;09/10/2020;5861,73;-5861,73;0
ND-16148;Pagado;Nota de crédito;18/8/2020;#;RET-FP-93516;31/8/2020;#;Sin asignar;P000872;ECOLOGY COLOMBIA SAS;09/10/2020;5861,77;-5861,77;0
ND-16149;Pagado;Nota de crédito;18/8/2020;#;RET-FP-93519;31/8/2020;#;Sin asignar;P000872;ECOLOGY COLOMBIA SAS;09/10/2020;1721,495;-3442,99;0
ND-16369;Pagado;Nota de crédito;30/9/2020;#;RET-FP-94528;30/9/2020;#;Sin asignar;P000872;ECOLOGY COLOMBIA SAS;10/13/2020;3517,36;-7034,72;0
ND-16370;Pagado;Nota de crédito;17/9/2020;#;RET-FP-94529;30/9/2020;#;Sin asignar;P000872;ECOLOGY COLOMBIA SAS;10/13/2020;3517,36;-7034,72;0
ND-16371;Pagado;Nota de crédito;30/9/2020;#;RET-FP-94530;30/9/2020;#;Sin asignar;P000872;ECOLOGY COLOMBIA SAS;10/13/2020;5548,55;-11097,1;0
ND-16372;Pagado;Nota de crédito;30/9/2020;#;RET-FP-94531;30/9/2020;#;Sin asignar;P000872;ECOLOGY COLOMBIA SAS;10/13/2020;1428,795;-2857,59;0
ND-16373;Pagado;Nota de crédito;17/9/2020;#;RET-FP-94532;30/9/2020;#;Sin asignar;P000872;ECOLOGY COLOMBIA SAS;10/13/2020;1407,915;-2815,83;0
ND-16374;Pagado;Nota de crédito;17/9/2020;#;RET-FP-94533;30/9/2020;#;Sin asignar;P000872;ECOLOGY COLOMBIA SAS;10/13/2020;5577,005;-11154,01;0
ND-16375;Pagado;Nota de crédito;17/9/2020;#;RET-FP-94534;30/9/2020;#;Sin asignar;P000872;ECOLOGY COLOMBIA SAS;10/13/2020;50508,15;-101016,3;0
ND-16376;Pagado;Nota de crédito;30/9/2020;#;RET-FP-94535;30/9/2020;#;Sin asignar;P000872;ECOLOGY COLOMBIA SAS;10/13/2020;43016,47;-86032,94;0
ND-16596;Pagado;Nota de crédito;31/10/2020;#;RET-FP-95572;31/10/2020;#;Sin asignar;P000872;ECOLOGY COLOMBIA SAS;11/06/2020;9265,25;-9265,25;0
ND-16597;Pagado;Nota de crédito;31/10/2020;#;RET-FP-95573;31/10/2020;#;Sin asignar;P000872;ECOLOGY COLOMBIA SAS;11/06/2020;76782,71;-76782,71;0
ND-16598;Pagado;Nota de crédito;16/10/2020;#;RET-FP-95574;31/10/2020;#;Sin asignar;P000872;ECOLOGY COLOMBIA SAS;11/06/2020;44623,41;-89246,82;0
ND-16599;Pagado;Nota de crédito;31/10/2020;#;RET-FP-95575;31/10/2020;#;Sin asignar;P000872;ECOLOGY COLOMBIA SAS;11/06/2020;3517,36;-7034,72;0
ND-16600;Pagado;Nota de crédito;16/10/2020;#;RET-FP-95576;31/10/2020;#;Sin asignar;P000872;ECOLOGY COLOMBIA SAS;11/06/2020;3517,36;-7034,72;0
ND-16608;Pagado;Nota de crédito;16/10/2020;#;RET-FP-95577;31/10/2020;#;Sin asignar;P000872;ECOLOGY COLOMBIA SAS;11/09/2020;5127,565;-10255,13;0
ND-16609;Pagado;Nota de crédito;16/10/2020;#;RET-FP-95583;31/10/2020;#;Sin asignar;P000872;ECOLOGY COLOMBIA SAS;11/09/2020;1373,02;-2746,04;0
ND-16654;Pagado;Nota de crédito;31/10/2020;#;RET-FP-95687;31/10/2020;#;Sin asignar;P000872;ECOLOGY COLOMBIA SAS;11/12/2020;1324,3;-2648,6;0
ND-16800;Pagado;Nota de crédito;17/11/2020;#;RET-FP-96718;30/11/2020;#;Sin asignar;P000872;ECOLOGY COLOMBIA SAS;12/11/2020;3517,36;-7034,72;0
ND-16801;Pagado;Nota de crédito;30/11/2020;#;RET-FP-96719;30/11/2020;#;Sin asignar;P000872;ECOLOGY COLOMBIA SAS;12/11/2020;3517,36;-7034,72;0
ND-16802;Pagado;Nota de crédito;30/11/2020;#;RET-FP-96720;30/11/2020;#;Sin asignar;P000872;ECOLOGY COLOMBIA SAS;12/11/2020;2293,07;-4586,14;0
ND-16803;Pagado;Nota de crédito;30/11/2020;#;RET-FP-96721;30/11/2020;#;Sin asignar;P000872;ECOLOGY COLOMBIA SAS;12/11/2020;5594,01;-11188,02;0
ND-16804;Pagado;Nota de crédito;17/11/2020;#;RET-FP-96723;30/11/2020;#;Sin asignar;P000872;ECOLOGY COLOMBIA SAS;12/11/2020;44028,56;-88057,12;0
ND-16805;Pagado;Nota de crédito;30/11/2020;#;RET-FP-96724;30/11/2020;#;Sin asignar;P000872;ECOLOGY COLOMBIA SAS;12/11/2020;47795,155;-95590,31;0
ND-16886;Pagado;Nota de crédito;17/11/2020;#;RET-FP-96823;30/11/2020;#;Sin asignar;P000872;ECOLOGY COLOMBIA SAS;12/15/2020;5183,76;-10367,52;0
ND-16925;Pagado;Nota de crédito;17/11/2020;#;RET-FP-96861;30/11/2020;#;Sin asignar;P000872;ECOLOGY COLOMBIA SAS;12/17/2020;1909,7;-3819,4;0
ND-17046;Pagado;Nota de crédito;16/12/2020;#;RET-FP-98320;31/12/2020;#;Sin asignar;P000872;ECOLOGY COLOMBIA SAS;01/06/2021;409,11;-818,22;0
ND-17047;Pagado;Nota de crédito;16/12/2020;#;RET-FP-98318;31/12/2020;#;Sin asignar;P000872;ECOLOGY COLOMBIA SAS;01/06/2021;5183,645;-10367,29;0
ND-17048;Pagado;Nota de crédito;16/12/2020;#;RET-FP-98319;31/12/2020;#;Sin asignar;P000872;ECOLOGY COLOMBIA SAS;01/06/2021;3517,36;-7034,72;0
ND-17049;Pagado;Nota de crédito;16/12/2020;#;RET-FP-98321;31/12/2020;#;Sin asignar;P000872;ECOLOGY COLOMBIA SAS;01/06/2021;2216,415;-4432,83;0
ND-17050;Pagado;Nota de crédito;16/12/2020;#;RET-FP-98322;31/12/2020;#;Sin asignar;P000872;ECOLOGY COLOMBIA SAS;01/06/2021;45036,93;-90073,86;0
ND-17070;Pagado;Nota de crédito;30/12/2020;#;RET-FP-98354;31/12/2020;#;Sin asignar;P000872;ECOLOGY COLOMBIA SAS;01/07/2021;136,37;-272,74;0
ND-17127;Pagado;Nota de crédito;30/12/2020;#;RET-FP-98353;31/12/2020;#;Sin asignar;P000872;ECOLOGY COLOMBIA SAS;01/13/2021;3517,36;-7034,72;0
ND-17128;Pagado;Nota de crédito;30/12/2020;#;RET-FP-98355;31/12/2020;#;Sin asignar;P000872;ECOLOGY COLOMBIA SAS;01/13/2021;2237,295;-4474,59;0
ND-17129;Pagado;Nota de crédito;30/12/2020;#;RET-FP-98356;31/12/2020;#;Sin asignar;P000872;ECOLOGY COLOMBIA SAS;01/13/2021;5192,845;-10385,69;0
FP-100107;Pagado;Factura;30/1/2021;#;784;31/1/2021;23198;Finalizado;P000872;ECOLOGY COLOMBIA SAS;02/08/2021;10941,17580645161;2374235,15;0
FP-100111;Pagado;Factura;30/1/2021;#;781;31/1/2021;23200;Finalizado;P000872;ECOLOGY COLOMBIA SAS;02/08/2021;27248,85285714286;190741,97;0
FP-100113;Pagado;Factura;30/1/2021;#;783;31/1/2021;23197;Finalizado;P000872;ECOLOGY COLOMBIA SAS;02/08/2021;7288,068088888889;1639815,32;0
FP-100133;Pagado;Factura;30/1/2021;#;MS 780;31/1/2021;23208;Finalizado;P000872;ECOLOGY COLOMBIA SAS;02/08/2021;98348,29138248847;21341579,23;0
FP-100134;Pagado;Factura;30/1/2021;#;MS 789;31/1/2021;23204;Finalizado;P000872;ECOLOGY COLOMBIA SAS;02/08/2021;252,9356338028169;17958,43;0
FP-100135;Pagado;Factura;30/1/2021;#;MS 787;31/1/2021;23213;Finalizado;P000872;ECOLOGY COLOMBIA SAS;02/08/2021;1583,384055299539;343594,34;0
FP-100136;Pagado;Factura;18/1/2021;#;MS 722;31/1/2021;23210;Finalizado;P000872;ECOLOGY COLOMBIA SAS;02/08/2021;4568,561971830986;324367,9;0
FP-100137;Pagado;Factura;18/1/2021;#;MS 723;31/1/2021;23209;Finalizado;P000872;ECOLOGY COLOMBIA SAS;02/08/2021;20486,33333333333;61459;0
FP-100138;Pagado;Factura;18/1/2021;#;MS 724;31/1/2021;23211;Finalizado;P000872;ECOLOGY COLOMBIA SAS;02/08/2021;14498,61538461538;188482;0
FP-100139;Pagado;Factura;18/1/2021;#;MS 725;31/1/2021;23212;Finalizado;P000872;ECOLOGY COLOMBIA SAS;02/08/2021;1002,845070422535;71202;0
FP-100160;Pagado;Factura;30/1/2021;#;MS 782;31/1/2021;23199;Finalizado;P000872;ECOLOGY COLOMBIA SAS;02/09/2021;15698,98521126761;1114627,95;0
FP-100161;Pagado;Factura;30/1/2021;#;MS 790;31/1/2021;23201;Finalizado;P000872;ECOLOGY COLOMBIA SAS;02/09/2021;8800;26400;0
FP-100162;Pagado;Factura;30/1/2021;#;MS 788;31/1/2021;23202;Finalizado;P000872;ECOLOGY COLOMBIA SAS;02/09/2021;438,7128571428571;3070,99;0
FP-100898;Pagado;Factura;16/2/2021;#;MS 866;28/2/2021;23595;Finalizado;P000872;ECOLOGY COLOMBIA SAS;03/04/2021;106986,4614285714;23216062,13;0
FP-100899;Pagado;Factura;28/2/2021;#;MS 892;28/2/2021;23596;Finalizado;P000872;ECOLOGY COLOMBIA SAS;03/04/2021;90651,40013824885;19671353,83;0
FP-100904;Pagado;Factura;28/2/2021;#;MS 896;28/2/2021;23612;Finalizado;P000872;ECOLOGY COLOMBIA SAS;03/08/2021;10463,35976958525;2270549,07;0
FP-100954;Pagado;Factura;28/2/2021;#;MS 895;28/2/2021;23592;Finalizado;P000872;ECOLOGY COLOMBIA SAS;03/09/2021;7405,409244444444;1666217,08;0
FP-100955;Pagado;Factura;16/2/2021;#;MS 869;28/2/2021;23593;Finalizado;P000872;ECOLOGY COLOMBIA SAS;03/09/2021;7405,409244444444;1666217,08;0
FP-100956;Pagado;Factura;16/2/2021;#;MS 867;28/2/2021;23594;Finalizado;P000872;ECOLOGY COLOMBIA SAS;03/09/2021;21534,66666666667;64604;0
FP-100957;Pagado;Factura;16/2/2021;#;MS 868;28/2/2021;23597;Finalizado;P000872;ECOLOGY COLOMBIA SAS;03/09/2021;16005,91525423729;944349;0
FP-100978;Pagado;Factura;16/2/2021;#;MS 870;28/2/2021;23598;Finalizado;P000872;ECOLOGY COLOMBIA SAS;03/09/2021;12113,50460829493;2628630,5;0
FP-101026;Pagado;Factura;28/2/2021;#;MS 893;28/2/2021;23652;Finalizado;P000872;ECOLOGY COLOMBIA SAS;03/09/2021;27687,57;193812,99;0
FP-101028;Pagado;Factura;28/2/2021;#;MS 894;28/2/2021;23651;Finalizado;P000872;ECOLOGY COLOMBIA SAS;03/09/2021;16016,78686567164;1073124,72;0
FP-101316;Pagado;Factura;17/3/2021;#;MS 942;30/3/2021;23810;Finalizado;P000872;ECOLOGY COLOMBIA SAS;03/30/2021;7405,409244444444;1666217,08;0
FP-101317;Pagado;Factura;16/2/2021;#;MS 940;30/3/2021;23812;Finalizado;P000872;ECOLOGY COLOMBIA SAS;03/30/2021;15544,98461538462;1010424;0
FP-101318;Pagado;Factura;16/3/2021;#;MS 939;30/3/2021;23811;Finalizado;P000872;ECOLOGY COLOMBIA SAS;03/30/2021;24979,8;124899;0
FP-101319;Pagado;Factura;16/3/2021;#;MS 941;30/3/2021;23816;Finalizado;P000872;ECOLOGY COLOMBIA SAS;03/30/2021;11142,37034042553;2618457,03;0
FP-101320;Pagado;Factura;16/3/2021;#;MS 938;30/3/2021;23822;Finalizado;P000872;ECOLOGY COLOMBIA SAS;03/30/2021;102461,7511914894;24078511,53;0
FP-102046;Pagado;Factura;30/3/2021;#;MS 984;31/3/2021;24065;Finalizado;P000872;ECOLOGY COLOMBIA SAS;04/07/2021;15671,42857142857;987300;0
FP-102047;Pagado;Factura;30/3/2021;#;MS 986;31/3/2021;24063;Finalizado;P000872;ECOLOGY COLOMBIA SAS;04/07/2021;10951,90425531915;2573697,5;0
FP-102048;Pagado;Factura;30/3/2021;#;MS 983;31/3/2021;24064;Finalizado;P000872;ECOLOGY COLOMBIA SAS;04/07/2021;98205,90131914894;23078386,81;0
FP-102102;Pagado;Factura;30/3/2021;#;MS 985;31/3/2021;24059;Finalizado;P000872;ECOLOGY COLOMBIA SAS;04/09/2021;7405,409244444444;1666217,08;0
FP-102389;Pagado;Factura;16/4/2021;#;MS 1048;28/4/2021;24236;Finalizado;P000872;ECOLOGY COLOMBIA SAS;04/28/2021;106419,826893617;25008659,32;0
FP-102406;Pagado;Factura;16/4/2021;#;MS 1050;30/4/2021;24235;Finalizado;P000872;ECOLOGY COLOMBIA SAS;04/30/2021;16102,45205479452;1175479;0
FP-102407;Pagado;Factura;16/4/2021;#;MS 1049;30/4/2021;24233;Finalizado;P000872;ECOLOGY COLOMBIA SAS;04/30/2021;20816,33333333333;62449;0
FP-102408;Pagado;Factura;16/4/2021;#;MS 1052;30/4/2021;24237;Finalizado;P000872;ECOLOGY COLOMBIA SAS;04/30/2021;11877,47421276596;2791206,44;0
FP-102409;Pagado;Factura;16/4/2021;#;MS 1051;30/4/2021;24210;Finalizado;P000872;ECOLOGY COLOMBIA SAS;04/30/2021;7405,409244444444;1666217,08;0
FP-103099;Pagado;Factura;30/4/2021;#;MS 1084;30/4/2021;24421;Finalizado;P000872;ECOLOGY COLOMBIA SAS;05/06/2021;7405,409244444444;1666217,08;0
FP-103141;Pagado;Factura;30/4/2021;#;MS 1085;30/4/2021;24426;Finalizado;P000872;ECOLOGY COLOMBIA SAS;05/07/2021;6233,493446808511;1464870,96;0
FP-103142;Pagado;Factura;30/4/2021;#;MS 1083;30/4/2021;24424;Finalizado;P000872;ECOLOGY COLOMBIA SAS;05/07/2021;15981,27866666667;1198595,9;0
FP-103143;Pagado;Factura;30/4/2021;#;MS 1082;30/4/2021;24425;Finalizado;P000872;ECOLOGY COLOMBIA SAS;05/07/2021;58912,0125106383;13844322,94;0
FP-103408;Pagado;Factura;18/5/2021;#;MS 1104;31/5/2021;24564;Finalizado;P000872;ECOLOGY COLOMBIA SAS;06/01/2021;36527,96077720207;7049896,43;0
FP-103957;Pagado;Factura;18/5/2021;#;MS 1106;31/5/2021;24547;Finalizado;P000872;ECOLOGY COLOMBIA SAS;06/01/2021;7405,409244444444;1666217,08;0
FP-104726;Pagado;Factura;31/5/2021;#;MS 1160;31/5/2021;24666;Finalizado;P000872;ECOLOGY COLOMBIA SAS;06/04/2021;89351,56191709844;17244851,45;0
FP-104727;Pagado;Factura;31/5/2021;#;MS 1162;31/5/2021;24658;Finalizado;P000872;ECOLOGY COLOMBIA SAS;06/04/2021;7405,409244444444;1666217,08;0
FP-104728;Pagado;Factura;31/5/2021;#;MS 1161;31/5/2021;24664;Finalizado;P000872;ECOLOGY COLOMBIA SAS;06/04/2021;15945,66195121951;653772,14;0
FP-104729;Pagado;Factura;31/5/2021;#;MS 1163;31/5/2021;24665;Finalizado;P000872;ECOLOGY COLOMBIA SAS;06/04/2021;9623,696476683937;1857373,42;0
FP-104809;Pagado;Factura;18/5/2021;#;MS 1105;31/5/2021;24582;Finalizado;P000872;ECOLOGY COLOMBIA SAS;06/08/2021;15679,34285714286;1017014,6;0
FP-104810;Pagado;Factura;18/5/2021;#;MS 1107;31/5/2021;24566;Finalizado;P000872;ECOLOGY COLOMBIA SAS;06/08/2021;4005,481243523316;773057,88;0
FP-105010;Pagado;Factura;16/6/2021;#;1186;30/6/2021;24837;Finalizado;P000872;ECOLOGY COLOMBIA SAS;06/30/2021;13008,43316062176;2510627,6;0
FP-105018;Pagado;Factura;16/6/2021;#;MS 1183;30/6/2021;24836;Finalizado;P000872;ECOLOGY COLOMBIA SAS;06/30/2021;113413,0056476684;21888710,09;0
FP-105021;Pagado;Factura;16/6/2021;#;MS 1185;30/6/2021;24835;Finalizado;P000872;ECOLOGY COLOMBIA SAS;06/30/2021;7405,409244444444;1666217,08;0
FP-105197;Pagado;Factura;30/6/2021;#;MS1241;30/6/2021;24976;Finalizado;P000872;ECOLOGY COLOMBIA SAS;07/08/2021;7405,409244444444;1666217,08;0
FP-105200;Pagado;Factura;30/6/2021;#;MS1242;30/6/2021;24978;Finalizado;P000872;ECOLOGY COLOMBIA SAS;07/08/2021;13830,68528497409;2669322,26;0
FP-105202;Pagado;Factura;30/6/2021;#;MS1239;30/6/2021;24979;Finalizado;P000872;ECOLOGY COLOMBIA SAS;07/08/2021;122136,4749740933;23572339,67;0
FP-105206;Pagado;Factura;16/6/2021;#;MS1184;30/6/2021;25012;Finalizado;P000872;ECOLOGY COLOMBIA SAS;07/08/2021;15926,93941176471;812273,91;0
FP-105207;Pagado;Factura;30/6/2021;#;MS1240;30/6/2021;25011;Finalizado;P000872;ECOLOGY COLOMBIA SAS;07/08/2021;16052,24430769231;1043395,88;0
FP-108141;Pagado;Factura;19/7/2021;#;MS1268;30/7/2021;25196;Finalizado;P000872;ECOLOGY COLOMBIA SAS;08/04/2021;118163,7244041451;22805598,81;0
FP-108142;Pagado;Factura;19/7/2021;#;FMS1269;30/7/2021;25204;Finalizado;P000872;ECOLOGY COLOMBIA SAS;08/04/2021;16037,64979591837;785844,84;0
FP-108143;Pagado;Factura;19/7/2021;#;MS1270;30/7/2021;25195;Finalizado;P000872;ECOLOGY COLOMBIA SAS;08/04/2021;7405,409244444444;1666217,08;0
FP-108144;Pagado;Factura;1/7/2021;#;MS1271;30/7/2021;25201;Finalizado;P000872;ECOLOGY COLOMBIA SAS;08/04/2021;13134,92362694301;2535040,26;0
FP-108161;Pagado;Factura;31/7/2021;#;MS1316;30/7/2021;25343;Finalizado;P000872;ECOLOGY COLOMBIA SAS;08/05/2021;123559,7599481865;23847033,67;0
FP-108162;Pagado;Factura;31/7/2021;#;MS1317;30/7/2021;25346;Finalizado;P000872;ECOLOGY COLOMBIA SAS;08/05/2021;15948,80830188679;845286,84;0
FP-108163;Pagado;Factura;31/7/2021;#;MS1318;30/7/2021;25329;Finalizado;P000872;ECOLOGY COLOMBIA SAS;08/05/2021;7405,409244444444;1666217,08;0
FP-108164;Pagado;Factura;31/7/2021;#;MS1319;31/7/2021;25344;Finalizado;P000872;ECOLOGY COLOMBIA SAS;08/05/2021;14115,08730569948;2724211,85;0
FP-109461;Pagado;Factura;17/8/2021;#;MS1346;27/8/2021;25588;Finalizado;P000872;ECOLOGY COLOMBIA SAS;08/27/2021;111983,9596347032;24524487,16;0
FP-109462;Parcialmente pagado;Factura;17/8/2021;#;MS1347;27/8/2021;25586;Finalizado;P000872;ECOLOGY COLOMBIA SAS;08/27/2021;15797,50725490196;805672,87;0
FP-109463;Parcialmente pagado;Factura;17/8/2021;#;MS1348;27/8/2021;25576;Finalizado;P000872;ECOLOGY COLOMBIA SAS;08/27/2021;7405,409244444444;1666217,08;0
FP-109464;Parcialmente pagado;Factura;17/8/2021;#;MS1349;27/8/2021;25589;Finalizado;P000872;ECOLOGY COLOMBIA SAS;08/27/2021;12467,37945205479;2730356,1;0
FP-110720;Parcialmente pagado;Factura;31/8/2021;#;MS1397;31/8/2021;25728;Finalizado;P000872;ECOLOGY COLOMBIA SAS;09/06/2021;97572,2605479452;21368325,06;0
FP-110721;Parcialmente pagado;Factura;31/8/2021;#;MS1398;31/8/2021;25729;Finalizado;P000872;ECOLOGY COLOMBIA SAS;09/06/2021;31312,64648648649;1158567,92;0
FP-110722;Parcialmente pagado;Factura;31/8/2021;#;MS1399;31/8/2021;25731;Finalizado;P000872;ECOLOGY COLOMBIA SAS;09/06/2021;15818,46279069767;680193,9;0
FP-110723;Parcialmente pagado;Factura;31/8/2021;#;MS1400;31/8/2021;25732;Finalizado;P000872;ECOLOGY COLOMBIA SAS;09/06/2021;3702,701866666667;833107,92;0
FP-110724;Parcialmente pagado;Factura;31/8/2021;#;MS1401;31/8/2021;25730;Finalizado;P000872;ECOLOGY COLOMBIA SAS;09/06/2021;12272,2899543379;2687631,5;0
FP-111040;Parcialmente pagado;Factura;18/9/2021;#;MS1448;28/9/2021;26027;Finalizado;P000872;ECOLOGY COLOMBIA SAS;09/28/2021;120185,5915068493;26320644,54;0
FP-111041;Parcialmente pagado;Factura;18/9/2021;#;MS1449;28/9/2021;26033;Finalizado;P000872;ECOLOGY COLOMBIA SAS;09/28/2021;30068,14518518519;811839,92;0
FP-111042;Parcialmente pagado;Factura;18/9/2021;#;MS1450;28/9/2021;26034;Finalizado;P000872;ECOLOGY COLOMBIA SAS;09/28/2021;14347,89655172414;416089;0
FP-111043;Parcialmente pagado;Factura;18/9/2021;#;MS1451;28/9/2021;26035;Finalizado;P000872;ECOLOGY COLOMBIA SAS;09/28/2021;3702,701866666667;833107,92;0
FP-111044;Parcialmente pagado;Factura;18/9/2021;#;MS1452;28/9/2021;26021;Finalizado;P000872;ECOLOGY COLOMBIA SAS;09/28/2021;12420,93;2720183,67;0
FP-111761;Parcialmente pagado;Factura;30/9/2021;#;MS1505;30/9/2021;26167;Finalizado;P000872;ECOLOGY COLOMBIA SAS;10/07/2021;106902,9710502283;23411750,66;0
FP-111762;Parcialmente pagado;Factura;30/9/2021;#;MS1506;30/9/2021;26180;Finalizado;P000872;ECOLOGY COLOMBIA SAS;10/07/2021;29808,03631578947;566352,69;0
FP-111763;Parcialmente pagado;Factura;30/9/2021;#;MS1507;30/9/2021;26181;Finalizado;P000872;ECOLOGY COLOMBIA SAS;10/07/2021;15493,97435897436;604265;0
FP-111764;Parcialmente pagado;Factura;30/9/2021;#;MS1508;30/9/2021;26137;Finalizado;P000872;ECOLOGY COLOMBIA SAS;10/07/2021;3702,701866666667;833107,92;0
FP-111765;Parcialmente pagado;Factura;30/9/2021;#;MS1509;30/9/2021;26168;Finalizado;P000872;ECOLOGY COLOMBIA SAS;10/07/2021;12188,67922374429;2669320,75;0
FP-112676;Parcialmente pagado;Factura;20/10/2021;#;MS1554;29/10/2021;26401;Finalizado;P000872;ECOLOGY COLOMBIA SAS;10/29/2021;101497,7018721461;22227996,71;0
FP-112677;Parcialmente pagado;Factura;20/10/2021;#;MS 1555;29/10/2021;26406;Finalizado;P000872;ECOLOGY COLOMBIA SAS;10/29/2021;30866,29555555556;833389,98;0
FP-112678;Parcialmente pagado;Factura;20/10/2021;#;MS1556;29/10/2021;26409;Finalizado;P000872;ECOLOGY COLOMBIA SAS;10/29/2021;15531,31481481481;419345,5;0
FP-112679;Parcialmente pagado;Factura;20/10/2021;#;MS1557;29/10/2021;26398;Finalizado;P000872;ECOLOGY COLOMBIA SAS;10/29/2021;3702,701866666667;833107,92;0
FP-112680;Parcialmente pagado;Factura;20/10/2021;#;MS1558;29/10/2021;26402;Finalizado;P000872;ECOLOGY COLOMBIA SAS;10/29/2021;12207,25429223744;2673388,69;0
FP-113834;Parcialmente pagado;Factura;30/10/2021;#;MS1603;31/10/2021;26548;Finalizado;P000872;ECOLOGY COLOMBIA SAS;11/04/2021;90967,17566210046;19921811,47;0
FP-113835;Parcialmente pagado;Factura;30/10/2021;#;MS1604;31/10/2021;26546;Finalizado;P000872;ECOLOGY COLOMBIA SAS;11/04/2021;30923,8824;773097,06;0
FP-113836;Parcialmente pagado;Factura;30/10/2021;#;MS1605;31/10/2021;26547;Finalizado;P000872;ECOLOGY COLOMBIA SAS;11/04/2021;15716,93;392923,25;0
FP-113837;Parcialmente pagado;Factura;30/10/2021;#;MS1606;31/10/2021;26523;Finalizado;P000872;ECOLOGY COLOMBIA SAS;11/04/2021;3702,701866666667;833107,92;0
FP-113838;Parcialmente pagado;Factura;30/10/2021;#;MS1607;31/10/2021;26543;Finalizado;P000872;ECOLOGY COLOMBIA SAS;11/04/2021;10525,05424657534;2304986,88;0
FP-114081;Parcialmente pagado;Factura;18/11/2021;#;MS1633;29/11/2021;26775;Finalizado;P000872;ECOLOGY COLOMBIA SAS;11/29/2021;30710,30086956522;706336,92;0
FP-114082;Parcialmente pagado;Factura;18/11/2021;#;MS1634;29/11/2021;26776;Finalizado;P000872;ECOLOGY COLOMBIA SAS;11/29/2021;15504,64130434783;356606,75;0
FP-114083;Parcialmente pagado;Factura;18/11/2021;#;MS1635;29/11/2021;26751;Finalizado;P000872;ECOLOGY COLOMBIA SAS;11/29/2021;3702,701866666667;833107,92;0
FP-114084;Parcialmente pagado;Factura;18/11/2021;#;MS1636;29/11/2021;26777;Finalizado;P000872;ECOLOGY COLOMBIA SAS;11/29/2021;10823,02447488584;2370242,36;0
FP-115337;Parcialmente pagado;Factura;18/11/2021;#;MS1632;30/11/2021;26757;Finalizado;P000872;ECOLOGY COLOMBIA SAS;12/06/2021;89034,06515981736;19498460,27;0
FP-115346;Parcialmente pagado;Factura;30/11/2021;#;MS1703;30/11/2021;26839;Finalizado;P000872;ECOLOGY COLOMBIA SAS;12/06/2021;90109,41369863015;19733961,6;0
FP-115348;Parcialmente pagado;Factura;30/11/2021;#;MS1704;30/11/2021;26835;Finalizado;P000872;ECOLOGY COLOMBIA SAS;12/06/2021;30946,13777777778;835545,72;0
FP-115349;Parcialmente pagado;Factura;30/11/2021;#;MS1705;30/11/2021;26842;Finalizado;P000872;ECOLOGY COLOMBIA SAS;12/06/2021;15653,4537037037;422643,25;0
FP-115351;Parcialmente pagado;Factura;30/11/2021;#;MS1706;30/11/2021;26829;Finalizado;P000872;ECOLOGY COLOMBIA SAS;12/06/2021;3702,701866666667;833107,92;0
FP-115352;Parcialmente pagado;Factura;30/11/2021;#;MS1707;30/11/2021;26831;Finalizado;P000872;ECOLOGY COLOMBIA SAS;12/06/2021;12086,48484018265;2646940,18;0
FP-115656;Parcialmente pagado;Factura;20/12/2021;#;MS1748;28/12/2021;27092;Finalizado;P000872;ECOLOGY COLOMBIA SAS;12/28/2021;86341,189543379;18908720,51;0
FP-115657;Parcialmente pagado;Factura;20/12/2021;#;1749;28/12/2021;27107;Finalizado;P000872;ECOLOGY COLOMBIA SAS;12/28/2021;30836,4;770910;0
FP-115658;Parcialmente pagado;Factura;20/12/2021;#;1750;28/12/2021;27109;Finalizado;P000872;ECOLOGY COLOMBIA SAS;12/28/2021;15585,14;389628,5;0
FP-115659;Parcialmente pagado;Factura;20/12/2021;#;1751;28/12/2021;27084;Finalizado;P000872;ECOLOGY COLOMBIA SAS;12/28/2021;3702,701866666667;833107,92;0
FP-115660;Parcialmente pagado;Factura;20/12/2021;#;1752;28/12/2021;27085;Finalizado;P000872;ECOLOGY COLOMBIA SAS;12/28/2021;12225,84150684932;2677459,29;0
FP-117880;Parcialmente pagado;Factura;31/12/2021;#;MS1808;31/12/2021;27226;Finalizado;P000872;ECOLOGY COLOMBIA SAS;01/11/2022;81624,93630136986;17875861,05;0
FP-117881;Parcialmente pagado;Factura;31/12/2021;#;MS1809;31/12/2021;27237;Finalizado;P000872;ECOLOGY COLOMBIA SAS;01/11/2022;30891,04137931034;895840,2;0
FP-117882;Parcialmente pagado;Factura;31/12/2021;#;MS1810;31/12/2021;27238;Finalizado;P000872;ECOLOGY COLOMBIA SAS;01/11/2022;15485,29310344828;449073,5;0
FP-117883;Parcialmente pagado;Factura;31/12/2021;#;MS1811;31/12/2021;27239;Finalizado;P000872;ECOLOGY COLOMBIA SAS;01/11/2022;16366;81830;0
FP-117884;Parcialmente pagado;Factura;31/12/2021;#;MS1812;31/12/2021;27225;Finalizado;P000872;ECOLOGY COLOMBIA SAS;01/11/2022;3702,701866666667;833107,92;0
FP-117885;Parcialmente pagado;Factura;31/12/2021;#;MS1817;31/12/2021;27227;Finalizado;P000872;ECOLOGY COLOMBIA SAS;01/11/2022;11584,81643835616;2537074,8;0
FP-99976;Pagado;Factura;18/1/2021;#;MS 729;31/1/2021;23128;Finalizado;P000872;ECOLOGY COLOMBIA SAS;02/04/2021;7405,409244444444;1666217,08;0
FP-99983;Pagado;Factura;18/1/2021;#;MS 726;31/1/2021;23132;Finalizado;P000872;ECOLOGY COLOMBIA SAS;02/04/2021;93101,04741935484;20202927,29;0
FP-99984;Pagado;Factura;18/1/2021;#;MS 727;31/1/2021;23129;Finalizado;P000872;ECOLOGY COLOMBIA SAS;02/04/2021;25841,8;129209;0
FP-99985;Pagado;Factura;18/1/2021;#;MS 728;31/1/2021;23133;Finalizado;P000872;ECOLOGY COLOMBIA SAS;02/04/2021;15752,07852459016;960876,79;0
FP-99986;Pagado;Factura;18/1/2021;#;MS 730;31/1/2021;23134;Finalizado;P000872;ECOLOGY COLOMBIA SAS;02/04/2021;11258,85373271889;2443171,26;0
ND-17539;Pagado;Nota de crédito;18/1/2021;#;RET-FP-99976;31/1/2021;#;Sin asignar;P000872;ECOLOGY COLOMBIA SAS;02/04/2021;3573,92;-7147,84;0
ND-17541;Pagado;Nota de crédito;18/1/2021;#;RET-FP-99984;31/1/2021;#;Sin asignar;P000872;ECOLOGY COLOMBIA SAS;02/04/2021;277,13;-554,26;0
ND-17542;Pagado;Nota de crédito;18/1/2021;#;RET-FP-99983;31/1/2021;#;Sin asignar;P000872;ECOLOGY COLOMBIA SAS;02/04/2021;43330,68;-86661,36;0
ND-17543;Pagado;Nota de crédito;18/1/2021;#;RET-FP-99985;31/1/2021;#;Sin asignar;P000872;ECOLOGY COLOMBIA SAS;02/04/2021;2060,925;-4121,85;0
ND-17544;Pagado;Nota de crédito;18/1/2021;#;RET-FP-99986;31/1/2021;#;Sin asignar;P000872;ECOLOGY COLOMBIA SAS;02/04/2021;5240,625;-10481,25;0
ND-17659;Pagado;Nota de crédito;30/1/2021;#;RET-FP-100111;31/1/2021;#;Sin asignar;P000872;ECOLOGY COLOMBIA SAS;02/08/2021;409,11;-818,22;0
ND-17675;Pagado;Nota de crédito;18/1/2021;#;RET-FP-100137;31/1/2021;#;Sin asignar;P000872;ECOLOGY COLOMBIA SAS;02/08/2021;131,81;-263,62;0
ND-17676;Pagado;Nota de crédito;18/1/2021;#;RET-FP-100138;31/1/2021;#;Sin asignar;P000872;ECOLOGY COLOMBIA SAS;02/08/2021;404,25;-808,5;0
ND-17691;Pagado;Nota de crédito;30/1/2021;#;RET-FP-100161;31/1/2021;#;Sin asignar;P000872;ECOLOGY COLOMBIA SAS;02/09/2021;56,615;-113,23;0
ND-17692;Pagado;Nota de crédito;30/1/2021;#;RET-FP-100162;31/1/2021;#;Sin asignar;P000872;ECOLOGY COLOMBIA SAS;02/09/2021;6,57;-13,14;0
ND-17694;Pagado;Nota de crédito;30/1/2021;#;RET-FP-100107;31/1/2021;#;Sin asignar;P000872;ECOLOGY COLOMBIA SAS;02/09/2021;5092,41;-10184,82;0
ND-17695;Pagado;Nota de crédito;30/1/2021;#;RET-FP-100113;31/1/2021;#;Sin asignar;P000872;ECOLOGY COLOMBIA SAS;02/09/2021;3517,36;-7034,72;0
ND-17696;Pagado;Nota de crédito;30/1/2021;#;RET-FP-100160;31/1/2021;#;Sin asignar;P000872;ECOLOGY COLOMBIA SAS;02/09/2021;2390,57;-4781,14;0
ND-17697;Pagado;Nota de crédito;30/1/2021;#;RET-FP-100133;31/1/2021;#;Sin asignar;P000872;ECOLOGY COLOMBIA SAS;02/09/2021;45772,71;-91545,42;0
ND-17698;Pagado;Nota de crédito;30/1/2021;#;RET-FP-100134;31/1/2021;#;Sin asignar;P000872;ECOLOGY COLOMBIA SAS;02/09/2021;38,435;-76,87;0
ND-17699;Pagado;Nota de crédito;30/1/2021;#;RET-FP-100135;31/1/2021;#;Sin asignar;P000872;ECOLOGY COLOMBIA SAS;02/09/2021;737,04;-1474,08;0
ND-17700;Pagado;Nota de crédito;18/1/2021;#;RET-FP-100136;31/1/2021;#;Sin asignar;P000872;ECOLOGY COLOMBIA SAS;02/09/2021;695,575;-1391,15;0
ND-17701;Pagado;Nota de crédito;18/1/2021;#;RET-FP-100139;31/1/2021;#;Sin asignar;P000872;ECOLOGY COLOMBIA SAS;02/09/2021;152,6;-305,2;0
ND-17765;Pagado;Nota de crédito;16/2/2021;#;RET-FP-100898;28/2/2021;#;Sin asignar;P000872;ECOLOGY COLOMBIA SAS;03/04/2021;49785,105;-99570,21;0
ND-17766;Pagado;Nota de crédito;28/2/2021;#;RET-FP-100899;28/2/2021;#;Sin asignar;P000872;ECOLOGY COLOMBIA SAS;03/04/2021;42190,32;-84380,64;0
ND-17810;Pagado;Nota de crédito;28/2/2021;#;RET-FP-100904;28/2/2021;#;Sin asignar;P000872;ECOLOGY COLOMBIA SAS;03/08/2021;4869,81;-9739,62;0
ND-17819;Pagado;Nota de crédito;16/2/2021;#;RET-FP-100956;28/2/2021;#;Sin asignar;P000872;ECOLOGY COLOMBIA SAS;03/09/2021;138,55;-277,1;0
ND-17880;Pagado;Nota de crédito;16/2/2021;#;RET-FP-100978;28/2/2021;#;Sin asignar;P000872;ECOLOGY COLOMBIA SAS;03/09/2021;5638,125;-11276,25;0
ND-17881;Pagado;Nota de crédito;28/2/2021;#;RET-FP-100954;28/2/2021;#;Sin asignar;P000872;ECOLOGY COLOMBIA SAS;03/09/2021;3573,92;-7147,84;0
ND-17882;Pagado;Nota de crédito;16/2/2021;#;RET-FP-100955;28/2/2021;#;Sin asignar;P000872;ECOLOGY COLOMBIA SAS;03/09/2021;3573,92;-7147,84;0
ND-17883;Pagado;Nota de crédito;16/2/2021;#;RET-FP-100957;28/2/2021;#;Sin asignar;P000872;ECOLOGY COLOMBIA SAS;03/09/2021;2025,48;-4050,96;0
ND-17891;Pagado;Nota de crédito;28/2/2021;#;RET-FP-101026;28/2/2021;#;Sin asignar;P000872;ECOLOGY COLOMBIA SAS;03/09/2021;415,68;-831,36;0
ND-17894;Pagado;Nota de crédito;28/2/2021;#;RET-FP-101028;28/2/2021;#;Sin asignar;P000872;ECOLOGY COLOMBIA SAS;03/09/2021;2301,685;-4603,37;0
ND-17961;Pagado;Nota de crédito;16/3/2021;#;RET-FP-101318;30/3/2021;#;Sin asignar;P000872;ECOLOGY COLOMBIA SAS;03/30/2021;267,89;-535,78;0
ND-17963;Pagado;Nota de crédito;17/3/2021;#;RET-FP-101316;30/3/2021;#;Sin asignar;P000872;ECOLOGY COLOMBIA SAS;03/30/2021;3573,92;-7147,84;0
ND-17964;Pagado;Nota de crédito;16/2/2021;#;RET-FP-101317;30/3/2021;#;Sin asignar;P000872;ECOLOGY COLOMBIA SAS;03/30/2021;2167,19;-4334,38;0
ND-17965;Pagado;Nota de crédito;16/3/2021;#;RET-FP-101319;30/3/2021;#;Sin asignar;P000872;ECOLOGY COLOMBIA SAS;03/30/2021;5616,15;-11232,3;0
ND-17966;Pagado;Nota de crédito;16/3/2021;#;RET-FP-101320;30/3/2021;#;Sin asignar;P000872;ECOLOGY COLOMBIA SAS;03/30/2021;51642,99;-103285,98;0
ND-18111;Pagado;Nota de crédito;30/3/2021;#;RET-FP-102046;31/3/2021;#;Sin asignar;P000872;ECOLOGY COLOMBIA SAS;04/07/2021;2117,595;-4235,19;0
ND-18112;Pagado;Nota de crédito;30/3/2021;#;RET-FP-102047;31/3/2021;#;Sin asignar;P000872;ECOLOGY COLOMBIA SAS;04/07/2021;5520,015;-11040,03;0
ND-18113;Pagado;Nota de crédito;30/3/2021;#;RET-FP-102048;31/3/2021;#;Sin asignar;P000872;ECOLOGY COLOMBIA SAS;04/07/2021;49497,795;-98995,59;0
ND-18168;Pagado;Nota de crédito;30/3/2021;#;RET-FP-102102;1/4/2021;#;Sin asignar;P000872;ECOLOGY COLOMBIA SAS;04/09/2021;3573,92;-7147,84;0
ND-18194;Pagado;Nota de crédito;16/4/2021;#;RET-FP-102389;28/4/2021;#;Sin asignar;P000872;ECOLOGY COLOMBIA SAS;04/28/2021;53637,81;-107275,62;0
ND-18201;Pagado;Nota de crédito;30/12/2020;#;RET-FP-98352;1/4/2021;#;Sin asignar;P000872;ECOLOGY COLOMBIA SAS;04/28/2021;45291,805;-90583,61;0
ND-18211;Pagado;Nota de crédito;16/4/2021;#;RET-FP-102407;30/4/2021;#;Sin asignar;P000872;ECOLOGY COLOMBIA SAS;04/30/2021;133,945;-267,89;0
ND-18212;Pagado;Nota de crédito;16/4/2021;#;RET-FP-102406;30/4/2021;#;Sin asignar;P000872;ECOLOGY COLOMBIA SAS;04/30/2021;2521,22;-5042,44;0
ND-18213;Pagado;Nota de crédito;16/4/2021;#;RET-FP-102408;30/4/2021;#;Sin asignar;P000872;ECOLOGY COLOMBIA SAS;04/30/2021;5986,77;-11973,54;0
ND-18309;Pagado;Nota de crédito;16/4/2021;#;RET-FP-102409;30/4/2021;#;Sin asignar;P000872;ECOLOGY COLOMBIA SAS;05/06/2021;3573,92;-7147,84;0
ND-18311;Pagado;Nota de crédito;30/4/2021;#;RET-FP-103099;30/4/2021;#;Sin asignar;P000872;ECOLOGY COLOMBIA SAS;05/06/2021;3573,92;-7147,84;0
ND-18351;Pagado;Nota de crédito;30/4/2021;#;RET-FP-103141;30/4/2021;#;Sin asignar;P000872;ECOLOGY COLOMBIA SAS;05/07/2021;5236,47;-5236,47;0
ND-18352;Pagado;Nota de crédito;30/4/2021;#;RET-FP-103142;30/4/2021;#;Sin asignar;P000872;ECOLOGY COLOMBIA SAS;05/07/2021;2570,815;-5141,63;0
ND-18353;Pagado;Nota de crédito;30/4/2021;#;RET-FP-103143;30/4/2021;#;Sin asignar;P000872;ECOLOGY COLOMBIA SAS;05/07/2021;49487,94;-49487,94;0
ND-18400;Pagado;Nota de crédito;18/5/2021;#;RET-FP-103408;31/5/2021;#;Sin asignar;P000872;ECOLOGY COLOMBIA SAS;06/01/2021;15120,475;-30240,95;0
ND-18438;Pagado;Nota de crédito;18/5/2021;#;RET-FP-103957;31/5/2021;#;Sin asignar;P000872;ECOLOGY COLOMBIA SAS;06/01/2021;3573,92;-7147,84;0
ND-18443;Pagado;Nota de crédito;31/5/2021;#;RET-FP-104726;31/5/2021;#;Sin asignar;P000872;ECOLOGY COLOMBIA SAS;06/04/2021;36986,125;-73972,25;0
ND-18444;Pagado;Nota de crédito;31/5/2021;#;RET-FP-104727;31/5/2021;#;Sin asignar;P000872;ECOLOGY COLOMBIA SAS;06/04/2021;3573,92;-7147,84;0
ND-18445;Pagado;Nota de crédito;31/5/2021;#;RET-FP-104728;31/5/2021;#;Sin asignar;P000872;ECOLOGY COLOMBIA SAS;06/04/2021;1402,25;-2804,5;0
ND-18446;Pagado;Nota de crédito;31/5/2021;#;RET-FP-104729;31/5/2021;#;Sin asignar;P000872;ECOLOGY COLOMBIA SAS;06/04/2021;3983,855;-7967,71;0
ND-18525;Pagado;Nota de crédito;18/5/2021;#;RET-FP-104809;31/5/2021;#;Sin asignar;P000872;ECOLOGY COLOMBIA SAS;06/08/2021;2181,34;-4362,68;0
ND-18526;Pagado;Nota de crédito;18/5/2021;#;RET-FP-104810;31/5/2021;#;Sin asignar;P000872;ECOLOGY COLOMBIA SAS;06/08/2021;1658,06;-3316,12;0
ND-18639;Pagado;Nota de crédito;16/6/2021;#;RET-FP-105010;30/6/2021;#;Sin asignar;P000872;ECOLOGY COLOMBIA SAS;06/30/2021;5384,875;-10769,75;0
ND-18640;Pagado;Nota de crédito;16/6/2021;#;RET-FP-105018;30/6/2021;#;Sin asignar;P000872;ECOLOGY COLOMBIA SAS;06/30/2021;46946,31;-93892,62;0
ND-18641;Pagado;Nota de crédito;16/6/2021;#;RET-FP-105021;30/6/2021;#;Sin asignar;P000872;ECOLOGY COLOMBIA SAS;06/30/2021;3573,92;-7147,84;0
ND-18751;Pagado;Nota de crédito;30/6/2021;#;RET-FP-105197;30/6/2021;#;Sin asignar;P000872;ECOLOGY COLOMBIA SAS;07/08/2021;3573,92;-7147,84;0
ND-18754;Pagado;Nota de crédito;30/6/2021;#;RET-FP-105200;30/6/2021;#;Sin asignar;P000872;ECOLOGY COLOMBIA SAS;07/08/2021;5725,115;-11450,23;0
ND-18758;Pagado;Nota de crédito;30/6/2021;#;RET-FP-105202;30/6/2021;#;Sin asignar;P000872;ECOLOGY COLOMBIA SAS;07/08/2021;50557,02;-101114,04;0
ND-18762;Pagado;Nota de crédito;16/6/2021;#;RET-FP-105206;30/6/2021;#;Sin asignar;P000872;ECOLOGY COLOMBIA SAS;07/08/2021;1742,34;-3484,68;0
ND-18763;Pagado;Nota de crédito;30/6/2021;#;RET-FP-105207;30/6/2021;#;Sin asignar;P000872;ECOLOGY COLOMBIA SAS;07/08/2021;2237,94;-4475,88;0
ND-18894;Pagado;Nota de crédito;19/7/2021;#;RET-FP-108141;30/7/2021;#;Sin asignar;P000872;ECOLOGY COLOMBIA SAS;08/04/2021;48912,88;-97825,76;0
ND-18895;Pagado;Nota de crédito;19/7/2021;#;RET-FP-108142;30/7/2021;#;Sin asignar;P000872;ECOLOGY COLOMBIA SAS;08/04/2021;1685,53;-3371,06;0
ND-18896;Pagado;Nota de crédito;19/7/2021;#;RET-FP-108143;30/7/2021;#;Sin asignar;P000872;ECOLOGY COLOMBIA SAS;08/04/2021;3573,92;-7147,84;0
ND-18897;Pagado;Nota de crédito;1/7/2021;#;RET-FP-108144;30/7/2021;#;Sin asignar;P000872;ECOLOGY COLOMBIA SAS;08/04/2021;5436,74;-10873,48;0
ND-18905;Pagado;Nota de crédito;31/7/2021;#;RET-FP-108161;30/7/2021;#;Sin asignar;P000872;ECOLOGY COLOMBIA SAS;08/05/2021;51146,27;-102292,54;0
ND-18906;Pagado;Nota de crédito;31/7/2021;#;RET-FP-108162;30/7/2021;#;Sin asignar;P000872;ECOLOGY COLOMBIA SAS;08/05/2021;1813,02;-3626,04;0
ND-18907;Pagado;Nota de crédito;31/7/2021;#;RET-FP-108163;30/7/2021;#;Sin asignar;P000872;ECOLOGY COLOMBIA SAS;08/05/2021;3573,92;-7147,84;0
ND-18908;Pagado;Nota de crédito;31/7/2021;#;RET-FP-108164;31/7/2021;#;Sin asignar;P000872;ECOLOGY COLOMBIA SAS;08/05/2021;5842,07;-11684,14;0
ND-19088;Pagado;Nota de crédito;17/8/2021;#;RET-FP-109461;27/8/2021;#;Sin asignar;P000872;ECOLOGY COLOMBIA SAS;08/27/2021;87666,01;-87666,01;0
ND-19089;Pagado;Nota de crédito;17/8/2021;#;RET-FP-109462;27/8/2021;#;Sin asignar;P000872;ECOLOGY COLOMBIA SAS;08/27/2021;1728,05;-3456,1;0
ND-19090;Pagado;Nota de crédito;17/8/2021;#;RET-FP-109463;27/8/2021;#;Sin asignar;P000872;ECOLOGY COLOMBIA SAS;08/27/2021;5956,16;-5956,16;0
ND-19091;Pagado;Nota de crédito;17/8/2021;#;RET-FP-109464;27/8/2021;#;Sin asignar;P000872;ECOLOGY COLOMBIA SAS;08/27/2021;9759,89;-9759,89;0
ND-19179;Pagado;Nota de crédito;31/8/2021;#;RET-FP-110720;31/8/2021;#;Sin asignar;P000872;ECOLOGY COLOMBIA SAS;09/06/2021;45829,84;-91659,68;0
ND-19180;Pagado;Nota de crédito;31/8/2021;#;RET-FP-110721;31/8/2021;#;Sin asignar;P000872;ECOLOGY COLOMBIA SAS;09/06/2021;2484,85;-4969,7;0
ND-19181;Pagado;Nota de crédito;31/8/2021;#;RET-FP-110722;31/8/2021;#;Sin asignar;P000872;ECOLOGY COLOMBIA SAS;09/06/2021;1458,92;-2917,84;0
ND-19182;Pagado;Nota de crédito;31/8/2021;#;RET-FP-110723;31/8/2021;#;Sin asignar;P000872;ECOLOGY COLOMBIA SAS;09/06/2021;1786,96;-3573,92;0
ND-19183;Pagado;Nota de crédito;31/8/2021;#;RET-FP-110724;31/8/2021;#;Sin asignar;P000872;ECOLOGY COLOMBIA SAS;09/06/2021;5764,24;-11528,48;0
ND-19317;Pagado;Nota de crédito;18/9/2021;#;RET-FP-111040;28/9/2021;#;Sin asignar;P000872;ECOLOGY COLOMBIA SAS;09/28/2021;56451,63;-112903,26;0
ND-19318;Pagado;Nota de crédito;18/9/2021;#;RET-FP-111041;28/9/2021;#;Sin asignar;P000872;ECOLOGY COLOMBIA SAS;09/28/2021;1741,22;-3482,44;0
ND-19319;Pagado;Nota de crédito;18/9/2021;#;RET-FP-111042;28/9/2021;#;Sin asignar;P000872;ECOLOGY COLOMBIA SAS;09/28/2021;892,43;-1784,86;0
ND-19320;Pagado;Nota de crédito;18/9/2021;#;RET-FP-111043;28/9/2021;#;Sin asignar;P000872;ECOLOGY COLOMBIA SAS;09/28/2021;1786,96;-3573,92;0
ND-19321;Pagado;Nota de crédito;18/9/2021;#;RET-FP-111044;28/9/2021;#;Sin asignar;P000872;ECOLOGY COLOMBIA SAS;09/28/2021;5834,19;-11668,38;0
ND-19384;Pagado;Nota de crédito;30/9/2021;#;RET-FP-111762;30/9/2021;#;Sin asignar;P000872;ECOLOGY COLOMBIA SAS;10/07/2021;1214,7;-2429,4;0
ND-19385;Pagado;Nota de crédito;30/9/2021;#;RET-FP-111761;30/9/2021;#;Sin asignar;P000872;ECOLOGY COLOMBIA SAS;10/07/2021;83687,89;-83687,89;0
ND-19386;Pagado;Nota de crédito;30/9/2021;#;RET-FP-111763;30/9/2021;#;Sin asignar;P000872;ECOLOGY COLOMBIA SAS;10/07/2021;1296,055;-2592,11;0
ND-19387;Pagado;Nota de crédito;30/9/2021;#;RET-FP-111764;30/9/2021;#;Sin asignar;P000872;ECOLOGY COLOMBIA SAS;10/07/2021;2978,08;-2978,08;0
ND-19388;Pagado;Nota de crédito;30/9/2021;#;RET-FP-111765;30/9/2021;#;Sin asignar;P000872;ECOLOGY COLOMBIA SAS;10/07/2021;9542,03;-9542,03;0
ND-19591;Pagado;Nota de crédito;20/10/2021;#;RET-FP-112676;29/10/2021;#;Sin asignar;P000872;ECOLOGY COLOMBIA SAS;10/29/2021;79456,57;-79456,57;0
ND-19592;Pagado;Nota de crédito;20/10/2021;#;RET-FP-112677;29/10/2021;#;Sin asignar;P000872;ECOLOGY COLOMBIA SAS;10/29/2021;1787,47;-3574,94;0
ND-19593;Pagado;Nota de crédito;20/10/2021;#;RET-FP-112678;29/10/2021;#;Sin asignar;P000872;ECOLOGY COLOMBIA SAS;10/29/2021;899,435;-1798,87;0
ND-19594;Pagado;Nota de crédito;20/10/2021;#;RET-FP-112679;29/10/2021;#;Sin asignar;P000872;ECOLOGY COLOMBIA SAS;10/29/2021;1786,96;-3573,92;0
ND-19595;Pagado;Nota de crédito;20/10/2021;#;RET-FP-112680;29/10/2021;#;Sin asignar;P000872;ECOLOGY COLOMBIA SAS;10/29/2021;5733,745;-11467,49;0
ND-19625;Pagado;Nota de crédito;30/10/2021;#;RET-FP-113834;31/10/2021;#;Sin asignar;P000872;ECOLOGY COLOMBIA SAS;11/04/2021;42727,685;-85455,37;0
ND-19626;Pagado;Nota de crédito;30/10/2021;#;RET-FP-113835;31/10/2021;#;Sin asignar;P000872;ECOLOGY COLOMBIA SAS;11/04/2021;1658,155;-3316,31;0
ND-19627;Pagado;Nota de crédito;30/10/2021;#;RET-FP-113836;31/10/2021;#;Sin asignar;P000872;ECOLOGY COLOMBIA SAS;11/04/2021;842,765;-1685,53;0
ND-19628;Pagado;Nota de crédito;30/10/2021;#;RET-FP-113837;31/10/2021;#;Sin asignar;P000872;ECOLOGY COLOMBIA SAS;11/04/2021;1786,96;-3573,92;0
ND-19629;Pagado;Nota de crédito;30/10/2021;#;RET-FP-113838;31/10/2021;#;Sin asignar;P000872;ECOLOGY COLOMBIA SAS;11/04/2021;4943,805;-9887,61;0
ND-19725;Pagado;Nota de crédito;18/11/2021;#;RET-FP-114081;29/11/2021;#;Sin asignar;P000872;ECOLOGY COLOMBIA SAS;11/29/2021;1514,965;-3029,93;0
ND-19726;Pagado;Nota de crédito;18/11/2021;#;RET-FP-114082;29/11/2021;#;Sin asignar;P000872;ECOLOGY COLOMBIA SAS;11/29/2021;764,87;-1529,74;0
ND-19727;Pagado;Nota de crédito;18/11/2021;#;RET-FP-114083;29/11/2021;#;Sin asignar;P000872;ECOLOGY COLOMBIA SAS;11/29/2021;1786,96;-3573,92;0
ND-19728;Pagado;Nota de crédito;18/11/2021;#;RET-FP-114084;29/11/2021;#;Sin asignar;P000872;ECOLOGY COLOMBIA SAS;11/29/2021;5083,675;-10167,35;0
ND-19822;Pagado;Nota de crédito;18/11/2021;#;RET-FP-115337;30/11/2021;#;Sin asignar;P000872;ECOLOGY COLOMBIA SAS;12/06/2021;41819,56;-83639,12;0
ND-19823;Pagado;Nota de crédito;30/11/2021;#;RET-FP-115348;30/11/2021;#;Sin asignar;P000872;ECOLOGY COLOMBIA SAS;12/06/2021;1792,095;-3584,19;0
ND-19824;Pagado;Nota de crédito;30/11/2021;#;RET-FP-115346;30/11/2021;#;Sin asignar;P000872;ECOLOGY COLOMBIA SAS;12/06/2021;42324,85;-84649,7;0
ND-19825;Pagado;Nota de crédito;30/11/2021;#;RET-FP-115349;30/11/2021;#;Sin asignar;P000872;ECOLOGY COLOMBIA SAS;12/06/2021;906,51;-1813,02;0
ND-19826;Pagado;Nota de crédito;30/11/2021;#;RET-FP-115351;30/11/2021;#;Sin asignar;P000872;ECOLOGY COLOMBIA SAS;12/06/2021;1786,96;-3573,92;0
ND-19827;Pagado;Nota de crédito;30/11/2021;#;RET-FP-115352;30/11/2021;#;Sin asignar;P000872;ECOLOGY COLOMBIA SAS;12/06/2021;5677,015;-11354,03;0
ND-19997;Pagado;Nota de crédito;20/12/2021;#;RET-FP-115656;28/12/2021;#;Sin asignar;P000872;ECOLOGY COLOMBIA SAS;12/28/2021;40555,385;-81110,77;0
ND-19998;Pagado;Nota de crédito;20/12/2021;#;RET-FP-115657;28/12/2021;#;Sin asignar;P000872;ECOLOGY COLOMBIA SAS;12/28/2021;1653,49;-3306,98;0
ND-19999;Pagado;Nota de crédito;20/12/2021;#;RET-FP-115658;28/12/2021;#;Sin asignar;P000872;ECOLOGY COLOMBIA SAS;12/28/2021;835,76;-1671,52;0
ND-20000;Pagado;Nota de crédito;20/12/2021;#;RET-FP-115659;28/12/2021;#;Sin asignar;P000872;ECOLOGY COLOMBIA SAS;12/28/2021;1786,96;-3573,92;0
ND-20001;Pagado;Nota de crédito;20/12/2021;#;RET-FP-115660;28/12/2021;#;Sin asignar;P000872;ECOLOGY COLOMBIA SAS;12/28/2021;5742,35;-11484,7;0
ND-20020;Pagado;Nota de crédito;31/12/2021;#;RET-FP-117880;31/12/2021;#;Sin asignar;P000872;ECOLOGY COLOMBIA SAS;01/11/2022;38339,675;-76679,35;0
ND-20021;Pagado;Nota de crédito;31/12/2021;#;RET-FP-117881;31/12/2021;#;Sin asignar;P000872;ECOLOGY COLOMBIA SAS;01/11/2022;1921,41;-3842,82;0
ND-20022;Pagado;Nota de crédito;31/12/2021;#;RET-FP-117882;31/12/2021;#;Sin asignar;P000872;ECOLOGY COLOMBIA SAS;01/11/2022;963,34;-1926,68;0
ND-20023;Pagado;Nota de crédito;31/12/2021;#;RET-FP-117883;31/12/2021;#;Sin asignar;P000872;ECOLOGY COLOMBIA SAS;01/11/2022;175,51;-351,02;0
ND-20024;Pagado;Nota de crédito;31/12/2021;#;RET-FP-117884;31/12/2021;#;Sin asignar;P000872;ECOLOGY COLOMBIA SAS;01/11/2022;1786,96;-3573,92;0
ND-20025;Pagado;Nota de crédito;31/12/2021;#;RET-FP-117885;31/12/2021;#;Sin asignar;P000872;ECOLOGY COLOMBIA SAS;01/11/2022;5441,12;-10882,24;0
